status,enabled,id,url,type,lang,success_count,last_success,error_count,last_error,error
True,False,5fae9ebe2573bc71bec43b88,http://www.msnbc.com/feeds/latest,rss,en,1,2020-11-13 14:57:49.862000,,,
True,False,5fae9ebe2573bc71bec43b91,https://indiegamesplus.com/atom.xml,rss,en,1,2020-11-13 14:57:56.253000,,,
True,False,5fae9ebe2573bc71bec43b95,https://news.google.com/rss/search?q=when:24h+allinurl:entrepreneur.com&ceid=US:en&hl=en-US&gl=US,rss,en,1,2020-11-13 14:57:57.166000,,,
True,False,5fae9ebe2573bc71bec43b96,https://news.google.com/rss/search?q=when:24h+allinurl:nba.com&ceid=US:en&hl=en-US&gl=US,rss,en,1,2020-11-13 14:57:57.646000,,,
True,False,5fae9ebe2573bc71bec43b97,https://news.google.com/rss/search?q=when:24h+allinurl:nfl.com&ceid=US:en&hl=en-US&gl=US,rss,en,1,2020-11-13 14:57:58.050000,,,
True,False,5fae9ebe2573bc71bec43b98,https://news.google.com/rss/search?q=when:24h+allinurl:reuters.com&ceid=US:en&hl=en-US&gl=US,rss,en,1,2020-11-13 14:57:58.993000,,,
True,False,5fae9ebe2573bc71bec43b99,https://news.google.com/rss/search?q=when:24h+allinurl:washingtonexaminer.com&ceid=US:en&hl=en-US&gl=US,rss,en,1,2020-11-13 14:57:59.442000,,,
True,False,5fae9ebe2573bc71bec43ba6,https://www.computerworld.com/index.rss,rss,en,613,2020-11-17 21:00:11.860000,,,
True,False,5fae9ebe2573bc71bec43baf,https://www.huffingtonpost.com/section/business/feed,rss,en,1,2020-11-13 14:58:16.473000,,,
True,False,5fae9ebe2573bc71bec43bb0,https://www.huffingtonpost.com/section/front-page/feed,rss,en,1,2020-11-13 14:58:16.943000,,,
True,False,5fae9ebe2573bc71bec43bb2,https://www.mckinsey.com/insights/rss.aspx,rss,en,1,2020-11-13 14:58:17.715000,,,
True,True,60ba38cb82145624b8a06466,https://www.20minutes.fr/feeds/rss-une.xml,rss,fr,14601,2021-09-13 09:36:32.981000,,,
True,True,60ba38cb82145624b8a06496,https://www.france24.com/fr/am%C3%A9riques/rss,rss,fr,1,2021-06-04 14:30:04.357000,,,
True,True,60ba38cb82145624b8a06499,https://www.france24.com/fr/tag/alg%C3%A9rie/rss,rss,fr,1,2021-06-04 14:30:04.979000,,,
True,True,60ba38cb82145624b8a0649f,https://www.france24.com/fr/tag/s%C3%A9n%C3%A9gal/rss,rss,fr,1,2021-06-04 14:30:06.100000,,,
True,False,60ba38cb82145624b8a064e0,https://www.lepoint.fr/editos-du-point/rss.xml,rss,fr,14171,2021-09-11 07:57:03.526000,,,
True,False,60ba38cb82145624b8a064e1,https://www.lepoint.fr/24h-infos/rss.xml,rss,fr,14171,2021-09-11 07:57:03.932000,,,
True,False,60ba38cb82145624b8a064e2,https://www.lepoint.fr/art-de-vivre/rss.xml,rss,fr,14171,2021-09-11 07:57:04.019000,,,
True,False,60ba38cb82145624b8a064e3,https://www.lepoint.fr/c-est-arrive-aujourd-hui/rss.xml,rss,fr,14171,2021-09-11 07:57:04.067000,,,
True,False,60ba38cb82145624b8a064e4,https://www.lepoint.fr/editos-du-point/jean-guisnel/rss.xml,rss,fr,14171,2021-09-11 07:57:04.116000,,,
True,False,60ba38cb82145624b8a064e5,https://www.lepoint.fr/monde/rss.xml,rss,fr,14171,2021-09-11 07:57:04.224000,,,
True,False,60ba38cb82145624b8a064e6,https://www.lepoint.fr/societe/rss.xml,rss,fr,14171,2021-09-11 07:57:04.270000,,,
True,False,60ba38cb82145624b8a064e7,https://www.lepoint.fr/rss.xml,rss,fr,14171,2021-09-11 07:57:04.374000,,,
True,False,60ba38cb82145624b8a064e8,https://www.lepoint.fr/video/rss.xml,rss,fr,14171,2021-09-11 07:57:04.423000,,,
True,False,60ba38cb82145624b8a064e9,https://www.lepoint.fr/villes/rss.xml,rss,fr,14171,2021-09-11 07:57:04.475000,,,
True,False,60ba38cb82145624b8a064f1,https://www.lejdd.fr/var/exports/rss.xml,rss,fr,14171,2021-09-11 07:57:06.028000,,,
True,False,60ba38cb82145624b8a064f4,https://www.leparisien.fr/week-end/rss.xml,rss,fr,1,2021-06-04 14:30:22.997000,,,
True,False,60ba38cb82145624b8a064f5,https://www.bondyblog.fr/feed/,rss,fr,14171,2021-09-11 07:57:06.480000,,,
True,False,60ba38cb82145624b8a064fa,https://www.wort.lu/rss/fr,rss,fr,14171,2021-09-11 07:57:12.687000,,,
True,False,60ba38cb82145624b8a064ff,https://www.minutenews.fr/feed,rss,fr,14171,2021-09-11 07:57:14.286000,,,
True,False,60ba38cb82145624b8a0650a,https://www.rfi.fr/fr/tag/s%C3%A9n%C3%A9gal/rss,rss,fr,1,2021-06-04 14:30:38.659000,,,
True,True,613c639776b90a81c5f427bc,http://www.20minutes.fr/rss/actu-france.xml,rss,fr,1,2021-09-11 08:11:28.022000,,,
True,True,613c63f076b90a81c5f427f7,http://www.lefigaro.fr/rss/figaro_flash-actu.xml,rss,fr,1,2021-09-11 08:11:28.185000,,,
True,True,613c63f476b90a81c5f427fa,https://www.francetvinfo.fr/sciences.rss,rss,fr,298,2021-09-13 09:31:32.297000,,,
True,True,613c63f976b90a81c5f427fd,https://www.francetvinfo.fr/arts-expos.rss,rss,fr,1,2021-09-11 08:11:28.783000,,,
True,True,613c63fa76b90a81c5f427fe,https://www.francetvinfo.fr/sports.rss,rss,fr,296,2021-09-13 09:31:32.641000,,,
True,True,613c63fc76b90a81c5f427ff,https://www.francetvinfo.fr/images/videos.rss,rss,fr,296,2021-09-13 09:31:32.856000,,,
True,True,613c63fd76b90a81c5f42800,https://www.francetvinfo.fr/immobilier.rss,rss,fr,1,2021-09-11 08:11:29.408000,,,
True,True,613c63ff76b90a81c5f42801,https://www.francetvinfo.fr/decouverte.rss,rss,fr,296,2021-09-13 09:31:32.938000,,,
True,True,613c640076b90a81c5f42802,https://www.francetvinfo.fr/animaux.rss,rss,fr,296,2021-09-13 09:31:33.021000,,,
True,True,613c640276b90a81c5f42803,https://www.francetvinfo.fr/cinema.rss,rss,fr,1,2021-09-11 08:11:29.780000,,,
True,True,613c640676b90a81c5f42806,https://www.francetvinfo.fr/sports/rugby.rss,rss,fr,296,2021-09-13 09:31:33.099000,,,
True,True,613c640876b90a81c5f42807,https://www.francetvinfo.fr/entreprises.rss,rss,fr,1,2021-09-11 08:11:30.024000,,,
True,True,613c640976b90a81c5f42808,https://www.francetvinfo.fr/bizarre.rss,rss,fr,1,2021-09-11 08:11:30.144000,,,
True,True,613c640b76b90a81c5f42809,https://www.francetvinfo.fr/sante.rss,rss,fr,296,2021-09-13 09:31:33.175000,,,
True,True,613c640c76b90a81c5f4280a,https://www.francetvinfo.fr/monde/environnement.rss,rss,fr,296,2021-09-13 09:31:33.267000,,,
True,True,613c640e76b90a81c5f4280b,https://www.francetvinfo.fr/sports/auto-moto/formule-1.rss,rss,fr,296,2021-09-13 09:31:33.409000,,,
True,True,613c640f76b90a81c5f4280c,https://www.francetvinfo.fr/justice.rss,rss,fr,1,2021-09-11 08:11:30.722000,,,
True,True,613c641276b90a81c5f4280e,https://www.francetvinfo.fr/marches.rss,rss,fr,1,2021-09-11 08:11:30.884000,,,
True,True,613c641876b90a81c5f42812,https://www.francetvinfo.fr/musique.rss,rss,fr,1,2021-09-11 08:11:31.061000,,,
True,True,613c641976b90a81c5f42813,https://www.francetvinfo.fr/politique.rss,rss,fr,296,2021-09-13 09:31:33.485000,,,
True,True,613c641b76b90a81c5f42814,https://www.francetvinfo.fr/internet.rss,rss,fr,296,2021-09-13 09:31:33.559000,,,
True,True,613c642076b90a81c5f42817,https://www.francetvinfo.fr/culture.rss,rss,fr,296,2021-09-13 09:31:33.747000,,,
True,True,613c642176b90a81c5f42818,https://www.francetvinfo.fr/tendances.rss,rss,fr,1,2021-09-11 08:11:31.592000,,,
True,True,613c642376b90a81c5f42819,https://www.francetvinfo.fr/economie.rss,rss,fr,296,2021-09-13 09:31:33.882000,,,
True,True,613c642476b90a81c5f4281a,https://www.francetvinfo.fr/sports/foot.rss,rss,fr,296,2021-09-13 09:31:33.962000,,,
True,True,613c642776b90a81c5f4281c,https://www.francetvinfo.fr/medias.rss,rss,fr,1,2021-09-11 08:11:32.027000,,,
True,True,613c642976b90a81c5f4281d,https://www.bfmtv.com/rss/people/mode/,rss,fr,296,2021-09-13 09:31:34.344000,,,
True,True,613c642a76b90a81c5f4281e,https://www.bfmtv.com/rss/la-rochelle/,rss,fr,296,2021-09-13 09:31:34.466000,,,
True,True,613c642c76b90a81c5f4281f,https://www.bfmtv.com/rss/immobilier/,rss,fr,296,2021-09-13 09:31:34.746000,,,
True,True,613c642d76b90a81c5f42820,https://www.bfmtv.com/rss/grand-littoral/,rss,fr,296,2021-09-13 09:31:35.071000,,,
True,True,613c642f76b90a81c5f42821,https://www.bfmtv.com/rss/economie/patrimoine/,rss,fr,296,2021-09-13 09:31:35.402000,,,
True,True,613c643076b90a81c5f42822,https://www.bfmtv.com/rss/caen/,rss,fr,296,2021-09-13 09:31:35.540000,,,
True,True,613c643276b90a81c5f42823,https://www.bfmtv.com/rss/economie/patrimoine/succession/,rss,fr,296,2021-09-13 09:31:35.685000,,,
True,True,613c643376b90a81c5f42824,https://www.bfmtv.com/rss/auxerre/,rss,fr,296,2021-09-13 09:31:35.804000,,,
True,True,613c643576b90a81c5f42825,https://www.bfmtv.com/rss/economie/consommation/,rss,fr,296,2021-09-13 09:31:36.137000,,,
True,True,613c643676b90a81c5f42826,https://www.bfmtv.com/rss/economie/experts/,rss,fr,296,2021-09-13 09:31:36.475000,,,
True,True,613c643876b90a81c5f42827,https://www.bfmtv.com/rss/tours/,rss,fr,296,2021-09-13 09:31:36.591000,,,
True,True,613c643976b90a81c5f42828,https://www.bfmtv.com/rss/var/,rss,fr,296,2021-09-13 09:31:36.915000,,,
True,True,613c643b76b90a81c5f42829,https://www.bfmtv.com/rss/orleans/,rss,fr,296,2021-09-13 09:31:37.051000,,,
True,True,613c643c76b90a81c5f4282a,https://www.bfmtv.com/rss/international/moyen-orient/,rss,fr,296,2021-09-13 09:31:37.414000,,,
True,True,613c643e76b90a81c5f4282b,https://www.bfmtv.com/rss/grenoble/,rss,fr,296,2021-09-13 09:31:37.544000,,,
True,True,613c643f76b90a81c5f4282c,https://www.bfmtv.com/rss/economie/,rss,fr,296,2021-09-13 09:31:37.882000,,,
True,True,613c644176b90a81c5f4282d,https://www.bfmtv.com/rss/international/,rss,fr,296,2021-09-13 09:31:38.217000,,,
True,True,613c644276b90a81c5f4282e,https://www.bfmtv.com/rss/international/asie/,rss,fr,296,2021-09-13 09:31:38.577000,,,
True,True,613c644476b90a81c5f4282f,https://www.bfmtv.com/rss/cote-d-azur/,rss,fr,296,2021-09-13 09:31:38.872000,,,
True,True,613c644576b90a81c5f42830,https://www.bfmtv.com/rss/strasbourg/,rss,fr,296,2021-09-13 09:31:39.013000,,,
True,True,613c644776b90a81c5f42831,https://www.bfmtv.com/rss/toulouse/,rss,fr,296,2021-09-13 09:31:39.150000,,,
True,True,613c644876b90a81c5f42832,https://www.bfmtv.com/rss/videos/,rss,fr,296,2021-09-13 09:31:39.493000,,,
True,True,613c644a76b90a81c5f42833,https://www.bfmtv.com/rss/meteo/canicule/,rss,fr,296,2021-09-13 09:31:39.861000,,,
True,True,613c644b76b90a81c5f42834,https://www.bfmtv.com/rss/international/amerique-latine/,rss,fr,296,2021-09-13 09:31:40.219000,,,
True,True,613c644d76b90a81c5f42835,https://www.bfmtv.com/rss/auto/,rss,fr,296,2021-09-13 09:31:40.547000,,,
True,True,613c644e76b90a81c5f42836,https://www.bfmtv.com/rss/nancy/,rss,fr,296,2021-09-13 09:31:40.670000,,,
True,True,613c645076b90a81c5f42837,https://www.bfmtv.com/rss/economie/entreprises/,rss,fr,296,2021-09-13 09:31:40.970000,,,
True,True,613c645176b90a81c5f42838,https://www.bfmtv.com/rss/environnement/,rss,fr,296,2021-09-13 09:31:41.312000,,,
True,True,613c645376b90a81c5f42839,https://www.bfmtv.com/rss/animaux/,rss,fr,296,2021-09-13 09:31:41.634000,,,
True,True,613c645476b90a81c5f4283a,https://www.bfmtv.com/rss/people/cinema/,rss,fr,296,2021-09-13 09:31:41.995000,,,
True,True,613c645676b90a81c5f4283b,https://www.bfmtv.com/rss/environnement/climat/,rss,fr,296,2021-09-13 09:31:42.480000,,,
True,True,613c645776b90a81c5f4283c,https://www.bfmtv.com/rss/le-havre/,rss,fr,296,2021-09-13 09:31:42.615000,,,
True,True,613c645976b90a81c5f4283d,https://www.bfmtv.com/rss/clermont-ferrand/,rss,fr,296,2021-09-13 09:31:42.729000,,,
True,True,613c645a76b90a81c5f4283e,https://www.bfmtv.com/rss/tech/nouveautes-produits/,rss,fr,296,2021-09-13 09:31:43.056000,,,
True,True,613c645c76b90a81c5f4283f,https://www.bfmtv.com/rss/metz/,rss,fr,296,2021-09-13 09:31:43.185000,,,
True,True,613c645d76b90a81c5f42840,https://www.bfmtv.com/rss/economie/economie-social/,rss,fr,296,2021-09-13 09:31:43.532000,,,
True,True,613c645f76b90a81c5f42841,https://www.bfmtv.com/rss/economie/international/,rss,fr,296,2021-09-13 09:31:43.865000,,,
True,True,613c646076b90a81c5f42842,https://www.bfmtv.com/rss/meteo/neige/,rss,fr,296,2021-09-13 09:31:44.281000,,,
True,True,613c646276b90a81c5f42843,https://www.bfmtv.com/rss/ajaccio/,rss,fr,296,2021-09-13 09:31:44.392000,,,
True,True,613c646376b90a81c5f42844,https://www.bfmtv.com/rss/montpellier/,rss,fr,296,2021-09-13 09:31:44.507000,,,
True,True,613c646576b90a81c5f42845,https://www.bfmtv.com/rss/reims/,rss,fr,296,2021-09-13 09:31:44.625000,,,
True,True,613c646676b90a81c5f42846,https://www.bfmtv.com/rss/bordeaux/,rss,fr,296,2021-09-13 09:31:44.775000,,,
True,True,613c646876b90a81c5f42847,https://www.bfmtv.com/rss/saint-etienne/,rss,fr,296,2021-09-13 09:31:44.908000,,,
True,True,613c646976b90a81c5f42848,https://www.bfmtv.com/rss/poitiers/,rss,fr,296,2021-09-13 09:31:45.075000,,,
True,True,613c646b76b90a81c5f42849,https://www.bfmtv.com/rss/politique/,rss,fr,296,2021-09-13 09:31:45.413000,,,
True,True,613c646c76b90a81c5f4284a,https://www.bfmtv.com/rss/news-24-7/,rss,fr,296,2021-09-13 09:31:45.716000,,,
True,True,613c646e76b90a81c5f4284b,https://www.bfmtv.com/rss/people/,rss,fr,296,2021-09-13 09:31:46.154000,,,
True,True,613c646f76b90a81c5f4284c,https://www.bfmtv.com/rss/economie/patrimoine/retraite/,rss,fr,296,2021-09-13 09:31:46.471000,,,
True,True,613c647176b90a81c5f4284d,https://www.bfmtv.com/rss/grand-lille/,rss,fr,296,2021-09-13 09:31:47.040000,,,
True,True,613c647276b90a81c5f4284e,https://www.bfmtv.com/rss/tech/culture-web/,rss,fr,296,2021-09-13 09:31:47.379000,,,
True,True,613c647476b90a81c5f4284f,https://www.bfmtv.com/rss/societe/,rss,fr,296,2021-09-13 09:31:47.692000,,,
True,True,613c647576b90a81c5f42850,https://www.bfmtv.com/rss/paris/,rss,fr,296,2021-09-13 09:31:48.039000,,,
True,True,613c647776b90a81c5f42851,https://www.bfmtv.com/rss/international/europe/,rss,fr,296,2021-09-13 09:31:48.380000,,,
True,True,613c647876b90a81c5f42852,https://www.bfmtv.com/rss/cuisine/,rss,fr,296,2021-09-13 09:31:48.679000,,,
True,True,613c647a76b90a81c5f42853,https://www.bfmtv.com/rss/people/series/,rss,fr,296,2021-09-13 09:31:49.004000,,,
True,True,613c647b76b90a81c5f42854,https://www.bfmtv.com/rss/besancon/,rss,fr,296,2021-09-13 09:31:49.123000,,,
True,True,613c647d76b90a81c5f42855,https://www.bfmtv.com/rss/rennes/,rss,fr,296,2021-09-13 09:31:49.238000,,,
True,True,613c647e76b90a81c5f42856,https://www.bfmtv.com/rss/economie/emploi/vie-de-bureau/,rss,fr,296,2021-09-13 09:31:49.570000,,,
True,True,613c648076b90a81c5f42857,https://www.bfmtv.com/rss/international/oceanie/,rss,fr,296,2021-09-13 09:31:49.924000,,,
True,True,613c648176b90a81c5f42858,https://www.bfmtv.com/rss/culture/,rss,fr,296,2021-09-13 09:31:50.235000,,,
True,True,613c648376b90a81c5f42859,https://www.bfmtv.com/rss/economie/patrimoine/immobilier/,rss,fr,296,2021-09-13 09:31:50.561000,,,
True,True,613c648476b90a81c5f4285a,https://www.bfmtv.com/rss/brest/,rss,fr,296,2021-09-13 09:31:50.673000,,,
True,True,613c648676b90a81c5f4285b,https://www.bfmtv.com/rss/economie/emploi/,rss,fr,296,2021-09-13 09:31:51.063000,,,
True,True,613c648776b90a81c5f4285c,https://www.bfmtv.com/rss/temoins/meteo/,rss,fr,296,2021-09-13 09:31:51.392000,,,
True,True,613c648976b90a81c5f4285d,https://www.bfmtv.com/rss/limoges/,rss,fr,296,2021-09-13 09:31:51.515000,,,
True,True,613c648a76b90a81c5f4285e,https://www.bfmtv.com/rss/lyon/,rss,fr,296,2021-09-13 09:31:51.841000,,,
True,True,613c648c76b90a81c5f4285f,https://www.bfmtv.com/rss/bastia/,rss,fr,296,2021-09-13 09:31:51.984000,,,
True,True,613c648d76b90a81c5f42860,https://www.bfmtv.com/rss/meteo/intemperies/,rss,fr,296,2021-09-13 09:31:52.247000,,,
True,True,613c648f76b90a81c5f42861,https://www.bfmtv.com/rss/police-justice/,rss,fr,296,2021-09-13 09:31:52.610000,,,
True,True,613c649076b90a81c5f42862,https://www.bfmtv.com/rss/nantes/,rss,fr,296,2021-09-13 09:31:52.742000,,,
True,True,613c649276b90a81c5f42863,https://www.bfmtv.com/rss/economie/entreprises/energie/,rss,fr,296,2021-09-13 09:31:53.095000,,,
True,True,613c649476b90a81c5f42864,https://www.bfmtv.com/rss/international/amerique-nord/,rss,fr,296,2021-09-13 09:31:53.485000,,,
True,True,613c649576b90a81c5f42865,https://www.bfmtv.com/rss/voyage/,rss,fr,296,2021-09-13 09:31:53.820000,,,
True,True,613c649776b90a81c5f42866,https://www.bfmtv.com/rss/tech/,rss,fr,296,2021-09-13 09:31:54.103000,,,
True,True,613c649876b90a81c5f42867,https://www.bfmtv.com/rss/meteo/inondations/,rss,fr,296,2021-09-13 09:31:54.395000,,,
True,True,613c649a76b90a81c5f42868,https://www.bfmtv.com/rss/marseille/,rss,fr,296,2021-09-13 09:31:54.731000,,,
True,True,613c649b76b90a81c5f42869,https://www.bfmtv.com/rss/dijon/,rss,fr,296,2021-09-13 09:31:54.917000,,,
True,True,613c649d76b90a81c5f4286a,https://www.bfmtv.com/rss/sciences/,rss,fr,296,2021-09-13 09:31:55.278000,,,
True,True,613c649e76b90a81c5f4286b,https://www.bfmtv.com/rss/sante/,rss,fr,296,2021-09-13 09:31:55.601000,,,
True,True,613c64a076b90a81c5f4286c,https://www.bfmtv.com/rss/international/afrique/,rss,fr,296,2021-09-13 09:31:55.958000,,,
True,True,613c64a176b90a81c5f4286d,https://www.bfmtv.com/rss/tech/vie-numerique/,rss,fr,296,2021-09-13 09:31:56.327000,,,
True,True,613c64a376b90a81c5f4286e,https://www.bfmtv.com/rss/people/musique/,rss,fr,296,2021-09-13 09:31:56.642000,,,
True,True,613c64a476b90a81c5f4286f,https://www.01net.com/rss/diaporama/,rss,fr,296,2021-09-13 09:31:56.691000,,,
True,True,613c64a676b90a81c5f42870,https://www.01net.com/rss/tablettes/,rss,fr,296,2021-09-13 09:31:56.784000,,,
True,True,613c64a776b90a81c5f42871,https://www.01net.com/rss/objets-connectes/,rss,fr,296,2021-09-13 09:31:56.799000,,,
True,True,613c64a976b90a81c5f42872,https://www.01net.com/rss/audio/,rss,fr,296,2021-09-13 09:31:56.818000,,,
True,True,613c64aa76b90a81c5f42873,https://www.01net.com/rss/actualite/,rss,fr,296,2021-09-13 09:31:56.839000,,,
True,True,613c64ac76b90a81c5f42874,https://www.01net.com/rss/actualites/produits/,rss,fr,296,2021-09-13 09:31:56.856000,,,
True,True,613c64af76b90a81c5f42875,https://www.01net.com/rss/maison-connectee/,rss,fr,296,2021-09-13 09:31:56.875000,,,
True,True,613c64b176b90a81c5f42876,https://www.01net.com/rss/actualites/culture-medias/,rss,fr,296,2021-09-13 09:31:56.896000,,,
True,True,613c64b376b90a81c5f42877,https://www.01net.com/rss/smartphones/,rss,fr,296,2021-09-13 09:31:57.004000,,,
True,True,613c64b476b90a81c5f42878,https://www.01net.com/rss/actualites/applis-logiciels/,rss,fr,296,2021-09-13 09:31:57.022000,,,
True,True,613c64b676b90a81c5f42879,https://www.01net.com/rss/tv-video/,rss,fr,296,2021-09-13 09:31:57.044000,,,
True,True,613c64b776b90a81c5f4287a,https://www.01net.com/rss/mediaplayer/replay/,rss,fr,296,2021-09-13 09:31:57.063000,,,
True,True,613c64b976b90a81c5f4287b,https://www.01net.com/rss/pc-peripheriques/,rss,fr,296,2021-09-13 09:31:57.084000,,,
True,True,613c64bb76b90a81c5f4287c,https://www.01net.com/rss/actualite/top-10/,rss,fr,296,2021-09-13 09:31:57.103000,,,
True,True,613c64bc76b90a81c5f4287d,https://www.01net.com/rss/actualites/,rss,fr,1,2021-09-11 08:16:29.816000,,,
True,True,613c64be76b90a81c5f4287e,https://www.01net.com/rss/actualites/buzz-societe/,rss,fr,296,2021-09-13 09:31:57.121000,,,
True,True,613c64bf76b90a81c5f4287f,https://www.01net.com/rss/tests/les-derniers-tests/,rss,fr,1,2021-09-11 08:16:30.031000,,,
True,True,613c64c176b90a81c5f42880,https://www.01net.com/rss/voiture-connectee/,rss,fr,296,2021-09-13 09:31:57.139000,,,
True,True,613c64c276b90a81c5f42881,https://www.01net.com/rss/actualites/securite/,rss,fr,296,2021-09-13 09:31:57.162000,,,
True,True,613c64c476b90a81c5f42882,https://www.01net.com/rss/pc-portables/,rss,fr,296,2021-09-13 09:31:57.183000,,,
True,True,613c64c676b90a81c5f42883,https://www.01net.com/rss/actualites/technos/,rss,fr,296,2021-09-13 09:31:57.202000,,,
True,True,613c64c776b90a81c5f42884,https://www.01net.com/rss/jeux-video/,rss,fr,296,2021-09-13 09:31:57.222000,,,
True,True,613c64c976b90a81c5f42885,https://www.01net.com/rss/actualites/science-recherche/,rss,fr,296,2021-09-13 09:36:51.444000,,,
True,True,613c64ca76b90a81c5f42886,https://www.01net.com/rss/actualites/jeux/,rss,fr,296,2021-09-13 09:36:51.462000,,,
True,True,613c64cc76b90a81c5f42887,https://www.01net.com/rss/actualites/politique-droits/,rss,fr,296,2021-09-13 09:36:51.546000,,,
True,True,613c64cd76b90a81c5f42888,https://www.01net.com/rss/photo/,rss,fr,296,2021-09-13 09:36:51.568000,,,
True,True,613c64cf76b90a81c5f42889,https://www.jeuxvideo.com/rss/itunes-ps3.xml,rss,fr,296,2021-09-13 09:36:51.632000,,,
True,True,613c64d076b90a81c5f4288a,https://www.jeuxvideo.com/rss/rss-news-series.xml,rss,fr,296,2021-09-13 09:36:51.855000,,,
True,True,613c64d276b90a81c5f4288b,https://www.jeuxvideo.com/rss/itunes-switch-hd.xml,rss,fr,296,2021-09-13 09:36:51.908000,,,
True,True,613c64d476b90a81c5f4288c,https://www.jeuxvideo.com/rss/rss-videos-pc.xml,rss,fr,296,2021-09-13 09:36:52.354000,,,
True,True,613c64d576b90a81c5f4288d,https://www.jeuxvideo.com/rss/rss-news-3ds.xml,rss,fr,296,2021-09-13 09:36:52.510000,,,
True,True,613c64d776b90a81c5f4288e,https://www.jeuxvideo.com/rss/rss-videos-series.xml,rss,fr,296,2021-09-13 09:36:52.638000,,,
True,True,613c64d876b90a81c5f4288f,https://www.jeuxvideo.com/rss/rss-videos-android.xml,rss,fr,296,2021-09-13 09:36:52.765000,,,
True,True,613c64da76b90a81c5f42890,https://www.jeuxvideo.com/rss/itunes-pc.xml,rss,fr,296,2021-09-13 09:36:52.803000,,,
True,True,613c64db76b90a81c5f42891,https://www.jeuxvideo.com/rss/itunes-pc-hd.xml,rss,fr,296,2021-09-13 09:36:52.874000,,,
True,True,613c64dd76b90a81c5f42892,https://www.jeuxvideo.com/rss/itunes_reportage-hd.xml,rss,fr,296,2021-09-13 09:36:52.956000,,,
True,True,613c64de76b90a81c5f42893,https://www.jeuxvideo.com/rss/rss-ps4.xml,rss,fr,296,2021-09-13 09:36:53.118000,,,
True,True,613c64e076b90a81c5f42894,https://www.jeuxvideo.com/rss/rss-news-360.xml,rss,fr,296,2021-09-13 09:36:53.164000,,,
True,True,613c64e276b90a81c5f42895,https://www.jeuxvideo.com/rss/rss-ps3.xml,rss,fr,296,2021-09-13 09:36:53.213000,,,
True,True,613c64e376b90a81c5f42896,https://www.jeuxvideo.com/rss/rss-videos-wiiu.xml,rss,fr,296,2021-09-13 09:36:53.325000,,,
True,True,613c64e576b90a81c5f42897,https://www.jeuxvideo.com/rss/itunes-series.xml,rss,fr,1,2021-09-11 08:16:32.656000,,,
True,True,613c64e676b90a81c5f42898,https://www.jeuxvideo.com/rss/itunes-android.xml,rss,fr,296,2021-09-13 09:36:53.385000,,,
True,True,613c64e876b90a81c5f42899,https://www.jeuxvideo.com/rss/rss-videos-360.xml,rss,fr,296,2021-09-13 09:36:53.560000,,,
True,True,613c64e976b90a81c5f4289a,https://www.jeuxvideo.com/rss/itunes.xml,rss,fr,298,2021-09-13 09:36:53.589000,,,
True,True,613c64eb76b90a81c5f4289b,https://www.jeuxvideo.com/rss/rss-xo.xml,rss,fr,296,2021-09-13 09:36:53.712000,,,
True,True,613c64ed76b90a81c5f4289c,https://www.jeuxvideo.com/rss/rss-videos-ps3.xml,rss,fr,296,2021-09-13 09:36:53.758000,,,
True,True,613c64ee76b90a81c5f4289d,https://www.jeuxvideo.com/rss/itunes-chroniques-hd.xml,rss,fr,296,2021-09-13 09:36:53.933000,,,
True,True,613c64f076b90a81c5f4289e,https://www.jeuxvideo.com/rss/rss-switch.xml,rss,fr,296,2021-09-13 09:36:54.058000,,,
True,True,613c64f176b90a81c5f4289f,https://www.jeuxvideo.com/rss/rss-iphone.xml,rss,fr,296,2021-09-13 09:36:54.105000,,,
True,True,613c64f376b90a81c5f428a0,https://www.jeuxvideo.com/rss/itunes-switch.xml,rss,fr,296,2021-09-13 09:36:54.193000,,,
True,True,613c64f476b90a81c5f428a1,https://www.jeuxvideo.com/rss/itunes-hd.xml,rss,fr,298,2021-09-13 09:36:54.221000,,,
True,True,613c64f676b90a81c5f428a2,https://www.jeuxvideo.com/rss/rss-news-android.xml,rss,fr,296,2021-09-13 09:36:54.272000,,,
True,True,613c64f876b90a81c5f428a3,https://www.jeuxvideo.com/rss/itunes-ps5.xml,rss,fr,1,2021-09-11 08:16:34.082000,,,
True,True,613c64f976b90a81c5f428a4,https://www.jeuxvideo.com/rss/rss-wiiu.xml,rss,fr,296,2021-09-13 09:36:54.317000,,,
True,True,613c64fb76b90a81c5f428a5,https://www.jeuxvideo.com/rss/rss-videos-3ds.xml,rss,fr,296,2021-09-13 09:36:54.370000,,,
True,True,613c64fc76b90a81c5f428a6,https://www.jeuxvideo.com/rss/rss-pc.xml,rss,fr,296,2021-09-13 09:36:54.530000,,,
True,True,613c64fe76b90a81c5f428a7,https://www.jeuxvideo.com/rss/itunes-series-hd.xml,rss,fr,1,2021-09-11 08:16:34.738000,,,
True,True,613c64ff76b90a81c5f428a8,https://www.jeuxvideo.com/rss/itunes-iphone-hd.xml,rss,fr,296,2021-09-13 09:36:54.607000,,,
True,True,613c650176b90a81c5f428a9,https://www.jeuxvideo.com/rss/rss-videos-vita.xml,rss,fr,296,2021-09-13 09:36:54.739000,,,
True,True,613c650376b90a81c5f428aa,https://www.jeuxvideo.com/rss/rss-videos.xml,rss,fr,296,2021-09-13 09:36:54.783000,,,
True,True,613c650476b90a81c5f428ab,https://www.jeuxvideo.com/rss/rss-android.xml,rss,fr,296,2021-09-13 09:36:54.831000,,,
True,True,613c650676b90a81c5f428ac,https://www.jeuxvideo.com/rss/rss-news-iphone.xml,rss,fr,296,2021-09-13 09:36:54.969000,,,
True,True,613c650776b90a81c5f428ad,https://www.jeuxvideo.com/rss/itunes-ps4-hd.xml,rss,fr,296,2021-09-13 09:36:55.064000,,,
True,True,613c650976b90a81c5f428ae,https://www.jeuxvideo.com/rss/itunes-360-hd.xml,rss,fr,296,2021-09-13 09:36:55.144000,,,
True,True,613c650a76b90a81c5f428af,https://www.jeuxvideo.com/rss/itunes-ps5-hd.xml,rss,fr,1,2021-09-11 08:16:35.795000,,,
True,True,613c650c76b90a81c5f428b0,https://www.jeuxvideo.com/rss/rss-news-ps3.xml,rss,fr,296,2021-09-13 09:36:55.331000,,,
True,True,613c650d76b90a81c5f428b1,https://www.jeuxvideo.com/rss/itunes-360.xml,rss,fr,296,2021-09-13 09:36:55.404000,,,
True,True,613c650f76b90a81c5f428b2,https://www.jeuxvideo.com/rss/itunes-wiiu.xml,rss,fr,296,2021-09-13 09:36:55.440000,,,
True,True,613c651176b90a81c5f428b3,https://www.jeuxvideo.com/rss/rss-news-wiiu.xml,rss,fr,296,2021-09-13 09:36:56.615000,,,
True,True,613c651276b90a81c5f428b4,https://www.jeuxvideo.com/rss/itunes-xo.xml,rss,fr,296,2021-09-13 09:36:56.685000,,,
True,True,613c651476b90a81c5f428b5,https://www.jeuxvideo.com/rss/itunes-3ds.xml,rss,fr,296,2021-09-13 09:36:56.778000,,,
True,True,613c651576b90a81c5f428b6,https://www.jeuxvideo.com/rss/rss-news-switch.xml,rss,fr,296,2021-09-13 09:36:57.034000,,,
True,True,613c651776b90a81c5f428b7,https://www.jeuxvideo.com/rss/itunes-xo-hd.xml,rss,fr,296,2021-09-13 09:36:57.098000,,,
True,True,613c651876b90a81c5f428b8,https://www.jeuxvideo.com/rss/itunes-wiiu-hd.xml,rss,fr,296,2021-09-13 09:36:57.168000,,,
True,True,613c651a76b90a81c5f428b9,https://www.jeuxvideo.com/rss/itunes-vita.xml,rss,fr,296,2021-09-13 09:36:57.196000,,,
True,True,613c651b76b90a81c5f428ba,https://www.jeuxvideo.com/rss/itunes_reportage.xml,rss,fr,296,2021-09-13 09:36:57.235000,,,
True,True,613c651d76b90a81c5f428bb,https://www.jeuxvideo.com/rss/rss-videos-xo.xml,rss,fr,296,2021-09-13 09:36:57.280000,,,
True,True,613c651e76b90a81c5f428bc,https://www.jeuxvideo.com/rss/itunes-android-hd.xml,rss,fr,296,2021-09-13 09:36:57.359000,,,
True,True,613c652076b90a81c5f428bd,https://www.jeuxvideo.com/rss/rss-videos-iphone.xml,rss,fr,296,2021-09-13 09:36:57.497000,,,
True,True,613c652276b90a81c5f428be,https://www.jeuxvideo.com/rss/rss-news-vita.xml,rss,fr,296,2021-09-13 09:36:57.619000,,,
True,True,613c652376b90a81c5f428bf,https://www.jeuxvideo.com/rss/itunes-iphone.xml,rss,fr,296,2021-09-13 09:36:57.695000,,,
True,True,613c652576b90a81c5f428c0,https://www.jeuxvideo.com/rss/itunes-vita-hd.xml,rss,fr,296,2021-09-13 09:36:57.757000,,,
True,True,613c652676b90a81c5f428c1,https://www.jeuxvideo.com/rss/rss-news-xo.xml,rss,fr,296,2021-09-13 09:36:58.112000,,,
True,True,613c652876b90a81c5f428c2,https://www.jeuxvideo.com/rss/itunes-ps3-hd.xml,rss,fr,296,2021-09-13 09:36:58.171000,,,
True,True,613c652a76b90a81c5f428c3,https://www.jeuxvideo.com/rss/rss-news-ps4.xml,rss,fr,296,2021-09-13 09:36:58.503000,,,
True,True,613c652b76b90a81c5f428c4,https://www.jeuxvideo.com/rss/rss-videos-ps4.xml,rss,fr,296,2021-09-13 09:36:58.688000,,,
True,True,613c652d76b90a81c5f428c5,https://www.jeuxvideo.com/rss/rss-3ds.xml,rss,fr,296,2021-09-13 09:36:58.738000,,,
True,True,613c652e76b90a81c5f428c6,https://www.jeuxvideo.com/rss/rss-news.xml,rss,fr,296,2021-09-13 09:36:58.884000,,,
True,True,613c653076b90a81c5f428c7,https://www.jeuxvideo.com/rss/rss-news-ps5.xml,rss,fr,296,2021-09-13 09:36:59.108000,,,
True,True,613c653176b90a81c5f428c8,https://www.jeuxvideo.com/rss/rss.xml,rss,fr,296,2021-09-13 09:36:59.235000,,,
True,True,613c653376b90a81c5f428c9,https://www.jeuxvideo.com/rss/rss-360.xml,rss,fr,296,2021-09-13 09:36:59.558000,,,
True,True,613c653576b90a81c5f428ca,https://www.jeuxvideo.com/rss/itunes-ps4.xml,rss,fr,296,2021-09-13 09:36:59.630000,,,
True,True,613c653676b90a81c5f428cb,https://www.jeuxvideo.com/rss/itunes-chroniques.xml,rss,fr,296,2021-09-13 09:36:59.751000,,,
True,True,613c653876b90a81c5f428cc,https://www.jeuxvideo.com/rss/rss-ps5.xml,rss,fr,296,2021-09-13 09:36:59.986000,,,
True,True,613c653976b90a81c5f428cd,https://www.jeuxvideo.com/rss/rss-videos-ps5.xml,rss,fr,296,2021-09-13 09:37:00.111000,,,
True,True,613c653b76b90a81c5f428ce,https://www.jeuxvideo.com/rss/itunes-3ds-hd.xml,rss,fr,296,2021-09-13 09:37:00.146000,,,
True,True,613c653c76b90a81c5f428cf,https://www.jeuxvideo.com/rss/rss-videos-switch.xml,rss,fr,296,2021-09-13 09:37:00.272000,,,
True,True,613c653e76b90a81c5f428d0,https://www.jeuxvideo.com/rss/rss-news-pc.xml,rss,fr,296,2021-09-13 09:37:00.677000,,,
True,True,613c653f76b90a81c5f428d1,https://www.jeuxvideo.com/rss/rss-vita.xml,rss,fr,296,2021-09-13 09:37:00.865000,,,
True,True,613c654176b90a81c5f428d2,https://www.jeuxvideo.com/rss/rss-series.xml,rss,fr,296,2021-09-13 09:37:01.096000,,,
True,True,613c654376b90a81c5f428d3,https://www.programme-tv.net/rss/news.xml,rss,fr,296,2021-09-13 09:37:01.325000,,,
True,True,613c654476b90a81c5f428d4,https://actu.fr/rss.xml,rss,fr,296,2021-09-13 09:37:01.476000,,,
True,True,613c654676b90a81c5f428d5,https://www.journaldugeek.com/feed/,rss,fr,296,2021-09-13 09:37:01.626000,,,
True,True,613c654776b90a81c5f428d6,https://nofrag.com/feed/,rss,fr,296,2021-09-13 09:37:01.782000,,,
True,True,613c654976b90a81c5f428d7,https://www.gamekult.com/feed.xml,rss,fr,296,2021-09-13 09:37:01.855000,,,
True,True,613c654b76b90a81c5f428d8,https://vieartificielle.com/robologie/feed,rss,fr,296,2021-09-13 09:37:02.890000,,,
True,True,613c654c76b90a81c5f428d9,https://vieartificielle.com/la-une-des-robots/feed,rss,fr,296,2021-09-13 09:37:03.457000,,,
True,True,613c654e76b90a81c5f428da,https://vieartificielle.com/un-robot-a-la-loupe/feed,rss,fr,296,2021-09-13 09:37:03.971000,,,
True,True,613c654f76b90a81c5f428db,https://www.alsacreations.com/rss/actualites.xml,rss,fr,296,2021-09-13 09:37:04.097000,,,
True,True,613c655176b90a81c5f428dc,https://www.developpez.com/index/rss,rss,fr,296,2021-09-13 09:37:05.214000,,,
True,True,613c655276b90a81c5f428dd,https://www.lesnumeriques.com/rss.xml,rss,fr,296,2021-09-13 09:37:05.286000,,,
True,True,613c655476b90a81c5f428de,https://korben.info/feed,rss,fr,296,2021-09-13 09:37:05.407000,,,
True,True,613c655676b90a81c5f428df,https://www.clubic.com/feed/news.rss,rss,fr,296,2021-09-13 09:37:05.458000,,,
True,True,613c655776b90a81c5f428e0,https://www.clubic.com/feed/news-pro.rss,rss,fr,296,2021-09-13 09:37:05.503000,,,
True,True,613c655976b90a81c5f428e1,https://www.ecranlarge.com/rss,rss,fr,296,2021-09-13 09:37:06.692000,,,
True,True,613c655a76b90a81c5f428e2,https://www.frandroid.com/feed,rss,fr,296,2021-09-13 09:37:06.982000,,,
True,True,613c655c76b90a81c5f428e3,https://www.futura-sciences.com/rss/environnement/dossiers.xml,rss,fr,296,2021-09-13 09:37:07.079000,,,
True,True,613c655d76b90a81c5f428e4,https://www.futura-sciences.com/rss/maison/definitions.xml,rss,fr,296,2021-09-13 09:37:07.176000,,,
True,True,613c655f76b90a81c5f428e5,https://www.futura-sciences.com/rss/high-tech/questions-reponses.xml,rss,fr,296,2021-09-13 09:37:07.259000,,,
True,True,613c656176b90a81c5f428e6,https://www.futura-sciences.com/rss/nature/dossiers.xml,rss,fr,296,2021-09-13 09:37:07.352000,,,
True,True,613c656276b90a81c5f428e7,https://www.futura-sciences.com/rss/livres.xml,rss,fr,296,2021-09-13 09:37:07.439000,,,
True,True,613c656476b90a81c5f428e8,https://www.futura-sciences.com/rss/terre/dossiers.xml,rss,fr,296,2021-09-13 09:37:07.538000,,,
True,True,613c656576b90a81c5f428e9,https://www.futura-sciences.com/rss/videos.xml,rss,fr,296,2021-09-13 09:37:07.631000,,,
True,True,613c656776b90a81c5f428ea,https://www.futura-sciences.com/rss/maison/dossiers.xml,rss,fr,296,2021-09-13 09:37:07.718000,,,
True,True,613c656876b90a81c5f428eb,https://www.futura-sciences.com/rss/espace/actualites.xml,rss,fr,296,2021-09-13 09:37:07.817000,,,
True,True,613c656a76b90a81c5f428ec,https://www.futura-sciences.com/rss/environnement/questions-reponses.xml,rss,fr,296,2021-09-13 09:37:07.918000,,,
True,True,613c656c76b90a81c5f428ed,https://www.futura-sciences.com/rss/nature/actualites.xml,rss,fr,296,2021-09-13 09:37:08.056000,,,
True,True,613c656d76b90a81c5f428ee,https://www.futura-sciences.com/rss/metiers.xml,rss,fr,296,2021-09-13 09:37:08.152000,,,
True,True,613c656f76b90a81c5f428ef,https://www.futura-sciences.com/rss/services/fonds-ecran.xml,rss,fr,296,2021-09-13 09:37:08.254000,,,
True,True,613c657076b90a81c5f428f0,https://www.futura-sciences.com/rss/photos.xml,rss,fr,296,2021-09-13 09:37:08.352000,,,
True,True,613c657276b90a81c5f428f1,https://www.futura-sciences.com/rss/environnement/definitions.xml,rss,fr,296,2021-09-13 09:37:08.455000,,,
True,True,613c657476b90a81c5f428f2,https://www.futura-sciences.com/rss/environnement/actualites.xml,rss,fr,296,2021-09-13 09:37:08.557000,,,
True,True,613c657576b90a81c5f428f3,https://www.futura-sciences.com/rss/high-tech/dossiers.xml,rss,fr,296,2021-09-13 09:37:08.654000,,,
True,True,613c657776b90a81c5f428f4,https://www.futura-sciences.com/rss/terre/definitions.xml,rss,fr,296,2021-09-13 09:37:08.738000,,,
True,True,613c657a76b90a81c5f428f6,https://www.futura-sciences.com/rss/high-tech/definitions.xml,rss,fr,296,2021-09-13 09:37:12.170000,,,
True,True,613c657b76b90a81c5f428f7,https://www.futura-sciences.com/rss/nature/definitions.xml,rss,fr,296,2021-09-13 09:37:12.255000,,,
True,True,613c657d76b90a81c5f428f8,https://www.futura-sciences.com/rss/espace/questions-reponses.xml,rss,fr,296,2021-09-13 09:37:12.345000,,,
True,True,613c657e76b90a81c5f428f9,https://www.futura-sciences.com/rss/actualites.xml,rss,fr,296,2021-09-13 09:37:12.491000,,,
True,True,613c658076b90a81c5f428fa,https://www.futura-sciences.com/rss/sante/actualites.xml,rss,fr,296,2021-09-13 09:37:12.584000,,,
True,True,613c658276b90a81c5f428fb,https://www.futura-sciences.com/rss/maison/actualites.xml,rss,fr,296,2021-09-13 09:37:12.675000,,,
True,True,613c658376b90a81c5f428fc,https://www.futura-sciences.com/rss/mathematiques/actualites.xml,rss,fr,296,2021-09-13 09:37:12.769000,,,
True,True,613c658576b90a81c5f428fd,https://www.futura-sciences.com/rss/questions-reponses.xml,rss,fr,296,2021-09-13 09:37:12.894000,,,
True,True,613c658676b90a81c5f428fe,https://www.futura-sciences.com/rss/sante/questions-reponses.xml,rss,fr,296,2021-09-13 09:37:12.995000,,,
True,True,613c658876b90a81c5f428ff,https://www.futura-sciences.com/rss/maison/questions-reponses.xml,rss,fr,296,2021-09-13 09:37:13.082000,,,
True,True,613c658976b90a81c5f42900,https://www.futura-sciences.com/rss/terre/actualites.xml,rss,fr,296,2021-09-13 09:37:13.187000,,,
True,True,613c658b76b90a81c5f42901,https://www.futura-sciences.com/rss/espace/dossiers.xml,rss,fr,296,2021-09-13 09:37:13.292000,,,
True,True,613c658d76b90a81c5f42902,https://www.futura-sciences.com/rss/matiere/questions-reponses.xml,rss,fr,296,2021-09-13 09:37:13.382000,,,
True,True,613c658e76b90a81c5f42903,https://www.futura-sciences.com/rss/mathematiques/dossiers.xml,rss,fr,296,2021-09-13 09:37:13.479000,,,
True,True,613c659076b90a81c5f42904,https://www.futura-sciences.com/rss/nature/questions-reponses.xml,rss,fr,296,2021-09-13 09:37:13.586000,,,
True,True,613c659176b90a81c5f42905,https://www.futura-sciences.com/rss/matiere/dossiers.xml,rss,fr,296,2021-09-13 09:37:13.687000,,,
True,True,613c659376b90a81c5f42906,https://www.futura-sciences.com/rss/high-tech/actualites.xml,rss,fr,296,2021-09-13 09:37:13.774000,,,
True,True,613c659676b90a81c5f42908,https://www.futura-sciences.com/rss/sante/definitions.xml,rss,fr,296,2021-09-13 09:37:16.311000,,,
True,True,613c659876b90a81c5f42909,https://www.futura-sciences.com/rss/espace/flashespace.xml,rss,fr,296,2021-09-13 09:37:16.931000,,,
True,True,613c659976b90a81c5f4290a,https://www.futura-sciences.com/rss/dossiers.xml,rss,fr,296,2021-09-13 09:37:17.028000,,,
True,True,613c659b76b90a81c5f4290b,https://www.futura-sciences.com/rss/matiere/definitions.xml,rss,fr,296,2021-09-13 09:37:17.135000,,,
True,True,613c659c76b90a81c5f4290c,https://www.futura-sciences.com/rss/matiere/actualites.xml,rss,fr,296,2021-09-13 09:37:17.227000,,,
True,True,613c659e76b90a81c5f4290d,https://www.futura-sciences.com/rss/espace/definitions.xml,rss,fr,296,2021-09-13 09:37:17.325000,,,
True,True,613c65a076b90a81c5f4290e,https://www.futura-sciences.com/rss/terre/questions-reponses.xml,rss,fr,296,2021-09-13 09:37:17.430000,,,
True,True,613c65a176b90a81c5f4290f,https://www.futura-sciences.com/rss/sante/dossiers.xml,rss,fr,296,2021-09-13 09:37:17.539000,,,
True,True,613c65a376b90a81c5f42910,https://www.futura-sciences.com/rss/espace/ephe.xml,rss,fr,296,2021-09-13 09:37:19.075000,,,
True,True,613c65a476b90a81c5f42911,https://www.futura-sciences.com/rss/definitions.xml,rss,fr,296,2021-09-13 09:37:19.178000,,,
True,True,613c65a676b90a81c5f42912,https://www.futura-sciences.com/rss/services/cartes-virtuelles.xml,rss,fr,296,2021-09-13 09:37:19.264000,,,
True,True,613c65a776b90a81c5f42913,https://www.presse-citron.net/feed/,rss,fr,296,2021-09-13 09:37:19.480000,,,
True,True,613c65a976b90a81c5f42914,https://www.femmeactuelle.fr/feeds/rss.xml,rss,fr,1,2021-09-11 08:17:03.870000,,,
True,True,613c65ab76b90a81c5f42915,https://lanouvelletribune.info/feed/,rss,fr,296,2021-09-13 09:37:20.102000,,,
True,True,613c65ac76b90a81c5f42916,https://www.sciencesetavenir.fr/high-tech/rss.xml,rss,fr,296,2021-09-13 09:37:20.255000,,,
True,True,613c65ae76b90a81c5f42917,https://www.sciencesetavenir.fr/espace/rss.xml,rss,fr,296,2021-09-13 09:37:20.497000,,,
True,True,613c65af76b90a81c5f42918,https://www.sciencesetavenir.fr/archeo-paleo/rss.xml,rss,fr,296,2021-09-13 09:37:20.786000,,,
True,True,613c65b176b90a81c5f42919,https://www.sciencesetavenir.fr/fondamental/rss.xml,rss,fr,296,2021-09-13 09:37:21.038000,,,
True,True,613c65b376b90a81c5f4291a,https://www.sciencesetavenir.fr/decouvrir/rss.xml,rss,fr,296,2021-09-13 09:37:21.236000,,,
True,True,613c65b476b90a81c5f4291b,https://www.sciencesetavenir.fr/animaux/rss.xml,rss,fr,296,2021-09-13 09:37:21.433000,,,
True,True,613c65b676b90a81c5f4291c,https://www.sciencesetavenir.fr/nature/rss.xml,rss,fr,1,2021-09-11 08:17:05.471000,,,
True,True,613c65b776b90a81c5f4291d,https://www.sciencesetavenir.fr/sante/rss.xml,rss,fr,296,2021-09-13 09:37:21.636000,,,
True,True,613c65b976b90a81c5f4291e,https://www.sciencesetavenir.fr/rss.xml,rss,fr,296,2021-09-13 09:37:21.778000,,,
True,True,613c65ba76b90a81c5f4291f,https://www.sciencesetavenir.fr/nutrition/rss.xml,rss,fr,296,2021-09-13 09:37:21.884000,,,
True,True,613c65bc76b90a81c5f42920,https://www.linternaute.com/argent/rss/,rss,fr,296,2021-09-13 09:37:22.099000,,,
True,True,613c65bd76b90a81c5f42921,https://www.linternaute.com/auto/rss/,rss,fr,296,2021-09-13 09:37:22.303000,,,
True,True,613c65bf76b90a81c5f42922,https://www.linternaute.com/sortir/sorties/resto/rss/,rss,fr,296,2021-09-13 09:37:22.478000,,,
True,True,613c65c176b90a81c5f42923,https://www.linternaute.com/rss/,rss,fr,296,2021-09-13 09:37:22.825000,,,
True,True,613c65c276b90a81c5f42924,https://www.linternaute.com/lifestyle/rss/,rss,fr,296,2021-09-13 09:37:24.773000,,,
True,True,613c65c476b90a81c5f42925,https://www.linternaute.com/voyage/rss/,rss,fr,296,2021-09-13 09:37:25.852000,,,
True,True,613c65c576b90a81c5f42926,https://www.linternaute.com/sortir/rss/,rss,fr,296,2021-09-13 09:37:26.128000,,,
True,True,613c65c776b90a81c5f42927,https://www.linternaute.com/television/rss/,rss,fr,296,2021-09-13 09:37:26.349000,,,
True,True,613c65c976b90a81c5f42928,https://www.linternaute.com/bricolage/rss/,rss,fr,296,2021-09-13 09:37:28.688000,,,
True,True,613c65ca76b90a81c5f42929,https://www.linternaute.com/photo_numerique/rss/,rss,fr,296,2021-09-13 09:37:29.662000,,,
True,True,613c65cc76b90a81c5f4292a,https://www.linternaute.com/cinema/rss/,rss,fr,296,2021-09-13 09:37:29.899000,,,
True,True,613c65cd76b90a81c5f4292b,https://www.linternaute.com/hightech/rss/,rss,fr,296,2021-09-13 09:37:30.163000,,,
True,True,613c65cf76b90a81c5f4292c,https://www.linternaute.com/sport/rss/,rss,fr,296,2021-09-13 09:37:31.022000,,,
True,True,613c65d076b90a81c5f4292d,https://www.linternaute.com/actualite/rss/,rss,fr,296,2021-09-13 09:37:31.274000,,,
True,True,613c65d276b90a81c5f4292e,https://www.linternaute.com/musique/rss/,rss,fr,296,2021-09-13 09:37:32.066000,,,
True,True,613c65d476b90a81c5f4292f,https://www.actuia.com/feed/,rss,fr,296,2021-09-13 09:37:32.280000,,,
True,True,613c65d576b90a81c5f42930,https://cyberguerre.numerama.com/feed/,rss,fr,296,2021-09-13 09:37:32.539000,,,
True,True,613c65d776b90a81c5f42931,https://www.numerama.com/feed/,rss,fr,296,2021-09-13 09:37:34.025000,,,
True,True,613c65d876b90a81c5f42932,http://rss.maxifoot.com/football-general.xml,rss,fr,296,2021-09-13 09:37:34.203000,,,
True,True,613c65da76b90a81c5f42933,http://rss.maxifoot.com/football-transfert.xml,rss,fr,296,2021-09-13 09:37:34.327000,,,
True,True,613c65db76b90a81c5f42934,http://rss.maxifoot.com/football-psg.xml,rss,fr,296,2021-09-13 09:37:34.454000,,,
True,True,613c65dd76b90a81c5f42935,http://rss.maxifoot.com/football-om.xml,rss,fr,295,2021-09-13 09:31:57.460000,,,
True,True,613c65df76b90a81c5f42936,http://rss.maxifoot.com/football-ol.xml,rss,fr,295,2021-09-13 09:31:57.601000,,,
True,True,613c65e076b90a81c5f42937,https://www.cnetfrance.fr/feeds/rss/,rss,fr,295,2021-09-13 09:31:57.900000,,,
True,True,613c65e276b90a81c5f42938,https://cdn-elle.ladmedia.fr/var/plain_site/storage/flux_rss/fluxToutELLEfr.xml,rss,fr,295,2021-09-13 09:31:58.955000,,,
True,True,613c65e376b90a81c5f42939,https://lemagsportauto.ouest-france.fr/feed/,rss,fr,295,2021-09-13 09:31:59.011000,,,
True,True,613c65e576b90a81c5f4293a,https://www.caradisiac.com/rss.xml,rss,fr,295,2021-09-13 09:31:59.288000,,,
True,True,613c65e676b90a81c5f4293b,https://www.ffbillard.com/actualites/flux.xml,rss,fr,295,2021-09-13 09:31:59.355000,,,
True,True,613c65e876b90a81c5f4293c,http://rss.allocine.fr/ac/actualites/,rss,fr,295,2021-09-13 09:31:59.499000,,,
True,True,613c65ea76b90a81c5f4293d,https://www.30millionsdamis.fr/actualites/rss.xml,rss,fr,295,2021-09-13 09:31:59.548000,,,
True,True,613c65eb76b90a81c5f4293e,http://feeds2.feedburner.com/boxemag/CrZs?format=xml,rss,fr,295,2021-09-13 09:31:59.580000,,,
True,True,613c65ed76b90a81c5f4293f,https://www.caminteresse.fr/feed/,rss,fr,295,2021-09-13 09:31:59.685000,,,
True,True,613c65ee76b90a81c5f42940,https://www.journal-aviation.com/actualites/rss.xml,rss,fr,295,2021-09-13 09:32:00.037000,,,
True,True,60ba38cb82145624b8a06464,https://www.20minutes.fr/feeds/rss-monde.xml,rss,fr,14728,2021-09-13 09:36:32.899000,1,2021-08-25 12:05:59.527000,
True,True,60ba38cb82145624b8a06465,https://www.20minutes.fr/feeds/rss-societe.xml,rss,fr,14708,2021-09-13 09:36:32.959000,1,2021-08-25 12:06:10.516000,
True,True,60ba38cb82145624b8a06474,https://www.brut.media/fr/rss,rss,fr,14494,2021-09-13 09:36:33.383000,1,2021-07-06 11:24:56.519000,
True,True,60ba38cb82145624b8a06502,https://www.ouest-france.fr/rss.xml?insee=FRA,rss,fr,14464,2021-09-13 09:36:51.151000,1,2021-08-30 21:32:40.520000,
True,False,60ba38cb82145624b8a064ed,https://www.letelegramme.fr//rss.xml,rss,fr,14170,2021-09-11 07:57:05.506000,1,2021-06-23 09:09:01.711000,
True,False,60ba38cb82145624b8a064ee,https://www.letelegramme.fr/handball/rss.xml,rss,fr,14170,2021-09-11 07:57:05.562000,1,2021-06-23 09:09:01.806000,
True,False,60ba38cb82145624b8a064ef,https://www.letelegramme.fr/france/rss.xml,rss,fr,14170,2021-09-11 07:57:05.670000,1,2021-06-23 09:09:01.920000,
True,False,60ba38cb82145624b8a064f0,https://www.letelegramme.fr/monde/rss.xml,rss,fr,14170,2021-09-11 07:57:05.726000,1,2021-06-23 09:09:02.026000,
True,False,60ba38cb82145624b8a064fd,https://www.mediapart.fr/articles/feed,rss,fr,14170,2021-09-11 07:57:13.581000,1,2021-07-29 22:50:38.525000,
True,False,60ba38cb82145624b8a06506,http://www.regards.fr/spip.php?page=backend,rss,fr,14170,2021-09-11 07:57:18.152000,1,2021-07-02 15:19:48.526000,
True,False,60ba38cb82145624b8a0651b,https://information.tv5monde.com/afprss/francais--journal--fra,rss,fr,14170,2021-09-11 07:57:19.711000,1,2021-08-31 12:26:16.529000,
True,False,60ba38cb82145624b8a0651c,https://information.tv5monde.com/afprss/francais--journal--mon,rss,fr,14170,2021-09-11 07:57:19.758000,1,2021-06-30 15:09:43.528000,
True,False,60ba38cb82145624b8a0651f,https://information.tv5monde.com/afprss/francais--journal--videographie,rss,fr,14170,2021-09-11 07:57:19.882000,1,2021-08-31 10:46:13.527000,
True,False,60ba38cb82145624b8a06478,https://www.challenges.fr/monde/rss.xml,rss,fr,14169,2021-09-11 07:56:43.667000,1,2021-07-06 11:25:40.516000,
True,False,60ba38cb82145624b8a0647a,http://feeds.feedburner.com/euronews/fr/business?format=xml,rss,fr,14169,2021-09-11 07:56:46.855000,1,2021-07-06 11:26:02.518000,
True,False,60ba38cb82145624b8a0647c,http://feeds.feedburner.com/euronews/fr/home?format=xml,rss,fr,14169,2021-09-11 07:56:47.020000,1,2021-07-06 11:26:24.518000,
True,False,60ba38cb82145624b8a064b8,https://www.lavie.fr/actualite/rss.xml,rss,fr,14169,2021-09-11 07:56:59.368000,1,2021-09-09 20:51:32.528000,
True,False,60ba38cb82145624b8a064c0,https://plus.lefigaro.fr/tag/europe/rss.xml,rss,fr,14169,2021-09-11 07:57:00.097000,1,2021-07-08 12:53:48.710000,
True,False,60ba38cb82145624b8a064c5,http://www.lejdc.fr/JC-tempsforts-tous.xml,rss,fr,14169,2021-09-11 07:57:01.175000,1,2021-07-26 08:46:57.925000,
True,False,60ba38cb82145624b8a064c6,https://api.lemediatv.fr/rss.xml,rss,fr,14169,2021-09-11 07:57:01.226000,1,2021-07-01 16:00:00.170000,
True,False,60ba38cb82145624b8a06511,http://www.slate.fr/rss.xml,rss,fr,14169,2021-09-11 07:57:18.995000,1,2021-08-07 00:34:31.527000,
True,False,60ba38cb82145624b8a06518,https://fr.timesofisrael.com/feed/,rss,fr,14169,2021-09-11 07:57:19.574000,1,2021-06-22 15:55:47.951000,
True,False,60ba38cb82145624b8a06519,https://information.tv5monde.com/afprss/francais--special--afrique,rss,fr,14169,2021-09-11 07:57:19.627000,1,2021-08-30 21:33:32.521000,
True,False,60ba38cb82145624b8a06468,"https://www.afp.com/fr/actus/afp_actualite/792,31,9,7,33/feed",rss,fr,14168,2021-09-11 07:56:38.350000,1,2021-07-02 21:16:27.519000,
True,False,60ba38cb82145624b8a06469,https://www.afp.com/fr/actus/afp_communique/all/feed,rss,fr,14168,2021-09-11 07:56:38.380000,1,2021-07-02 21:16:38.528000,
True,False,60ba38cb82145624b8a0646d,https://fr.al-ain.com/feed,rss,fr,14168,2021-09-11 07:56:40.203000,1,2021-07-06 11:23:39.519000,
True,True,60ba38cb82145624b8a06498,https://www.france24.com/fr/afrique/rss,rss,fr,14463,2021-09-13 09:36:46.840000,2,2021-07-22 15:46:57.518000,
True,True,60ba38cb82145624b8a0649a,https://www.france24.com/fr/asie-pacifique/rss,rss,fr,14463,2021-09-13 09:36:46.913000,2,2021-07-06 11:31:32.519000,
True,True,60ba38cb82145624b8a0649e,https://www.france24.com/fr/moyen-orient/rss,rss,fr,14463,2021-09-13 09:36:47.234000,2,2021-07-22 16:28:27.519000,
True,True,60ba38cb82145624b8a064ac,https://www.lexpress.fr/rss/regions.xml,rss,fr,14462,2021-09-13 09:36:49.741000,2,2021-08-14 09:07:25.527000,
True,True,60ba38cb82145624b8a064ad,https://www.lexpress.fr/rss/societe.xml,rss,fr,14462,2021-09-13 09:36:49.812000,2,2021-08-14 09:07:36.522000,
True,True,60ba38cb82145624b8a064ae,https://www.lexpress.fr/rss/alaune.xml,rss,fr,14462,2021-09-13 09:36:49.996000,2,2021-08-14 09:07:47.527000,
True,True,60ba38cb82145624b8a064af,https://www.lexpress.fr/rss/videos.xml,rss,fr,14462,2021-09-13 09:36:50.060000,2,2021-08-14 09:07:58.516000,
True,True,60ba38cb82145624b8a064a9,https://www.lexpress.fr/rss/dossiers.xml,rss,fr,14461,2021-09-13 09:36:49.526000,2,2021-08-14 09:06:52.527000,
True,True,60ba38cb82145624b8a064aa,https://www.lexpress.fr/rss/enquete.xml,rss,fr,14461,2021-09-13 09:36:49.595000,2,2021-08-14 09:07:03.517000,
True,True,60ba38cb82145624b8a064ab,https://www.lexpress.fr/rss/monde.xml,rss,fr,14461,2021-09-13 09:36:49.665000,2,2021-08-14 09:07:14.525000,
True,False,60ba38cb82145624b8a0651e,https://information.tv5monde.com/afprss/francais--journal--une,rss,fr,14169,2021-09-11 07:57:19.848000,2,2021-08-31 12:56:15.527000,
True,False,60ba38cb82145624b8a06471,http://www.arte.tv/videofeed/rss/schedule/today/fr.rss,rss,fr,14168,2021-09-11 07:56:41.326000,2,2021-07-14 12:53:02.518000,
True,False,60ba38cb82145624b8a06476,https://www.challenges.fr/monde/afrique/rss.xml,rss,fr,14168,2021-09-11 07:56:43.483000,2,2021-08-19 06:20:20.520000,
True,False,60ba38cb82145624b8a06477,https://www.challenges.fr/media/rss.xml,rss,fr,14168,2021-09-11 07:56:43.506000,2,2021-08-19 06:20:31.525000,
True,False,60ba38cb82145624b8a06508,https://www.rfi.fr/fr/afrique/rss,rss,fr,14168,2021-09-11 07:57:18.432000,2,2021-07-22 15:50:21.526000,
True,False,60ba38cb82145624b8a06517,https://feeds.audiomeans.fr/feed/5f226c32-2019-46f0-a65c-afe5bae72618.xml,rss,fr,14168,2021-09-11 07:57:19.545000,2,2021-07-19 16:59:05.520000,
True,True,60ba38cb82145624b8a06475,https://www.challenges.fr/rss.xml,rss,fr,14473,2021-09-13 09:36:33.504000,3,2021-08-19 06:20:09.517000,
True,True,60ba38cb82145624b8a0647d,https://www.europe1.fr/rss/actualites.xml,rss,fr,14472,2021-09-13 09:36:33.594000,3,2021-08-01 22:55:29.525000,
True,True,60ba38cb82145624b8a0647e,https://www.europe1.fr/rss/replay.xml,rss,fr,14472,2021-09-13 09:36:33.729000,3,2021-08-01 09:32:31.517000,
True,True,60ba38cb82145624b8a06482,https://www.europe1.fr/rss/societe.xml,rss,fr,14466,2021-09-13 09:36:34.168000,3,2021-08-04 01:15:39.517000,
True,True,60ba38cb82145624b8a0649b,https://www.france24.com/fr/tag/canada/rss,rss,fr,14462,2021-09-13 09:36:46.966000,3,2021-07-22 15:57:44.528000,
True,True,60ba38cb82145624b8a0649c,https://www.france24.com/fr/europe/rss,rss,fr,14462,2021-09-13 09:36:47.028000,3,2021-07-22 16:28:05.524000,
True,True,60ba38cb82145624b8a064a0,https://www.france24.com/fr/tag/tchad/rss,rss,fr,14462,2021-09-13 09:36:47.287000,3,2021-07-30 09:22:50.520000,
True,False,60ba38cb82145624b8a064da,https://www.lemonde.fr/senegal/rss_full.xml,rss,fr,14168,2021-09-11 07:57:02.775000,3,2021-06-08 10:49:02.757000,
True,False,60ba38cb82145624b8a064de,https://www.lenouveleconomiste.fr/feed/,rss,fr,14168,2021-09-11 07:57:03.206000,3,2021-09-08 03:33:34.527000,
True,False,60ba38cb82145624b8a0651d,https://information.tv5monde.com/afprss/francais--journal--societe,rss,fr,14168,2021-09-11 07:57:19.802000,3,2021-08-31 14:47:13.528000,
True,False,60ba38cb82145624b8a06470,http://www.arte.tv/videofeed/rss/schedule/today/fr.rss?currentWeek=0,rss,fr,14167,2021-09-11 07:56:41.181000,3,2021-07-22 15:54:23.526000,
True,False,60ba38cb82145624b8a0647b,http://feeds.feedburner.com/euronews/fr/europa,rss,fr,14167,2021-09-11 07:56:46.890000,3,2021-07-22 05:32:20.517000,
True,False,60ba38cb82145624b8a064b6,http://www.lamontagne.fr/MT-tempsforts-tous.xml,rss,fr,14167,2021-09-11 07:56:58.541000,3,2021-07-26 08:42:50.526000,
True,False,60ba38cb82145624b8a0651a,https://information.tv5monde.com/afprss/francais--journal--faits-divers,rss,fr,14167,2021-09-11 07:57:19.668000,3,2021-08-31 12:26:05.522000,
False,False,60ba38cb82145624b8a064fb,https://www.mediacites.fr/feed/,rss,fr,3715,2021-06-30 11:03:50.004000,1,2021-06-30 11:14:00.545000,<unknown>:17:0: undefined entity
True,True,60ba38cb82145624b8a06480,https://www.europe1.fr/rss/international.xml,rss,fr,14466,2021-09-13 09:36:33.988000,4,2021-07-31 04:16:33.526000,
True,True,60ba38cb82145624b8a06483,https://www.francebleu.fr/rss/infos.xml,rss,fr,14465,2021-09-13 09:36:34.261000,4,2021-08-16 13:56:58.768000,
True,True,60ba38cb82145624b8a06503,https://www.ouest-france.fr/rss-en-continu.xml,rss,fr,14461,2021-09-13 09:36:51.418000,4,2021-08-30 21:32:51.519000,
True,False,60ba38cb82145624b8a064d8,https://www.lemonde.fr/proche-orient/rss_full.xml,rss,fr,14167,2021-09-11 07:57:02.635000,4,2021-06-08 10:29:08.307000,
True,False,60ba38cb82145624b8a064d9,https://www.lemonde.fr/royaume-uni/rss_full.xml,rss,fr,14167,2021-09-11 07:57:02.693000,4,2021-06-08 10:49:02.737000,
True,False,60ba38cb82145624b8a064dd,https://www.lemonde.fr/videos/rss_full.xml,rss,fr,14167,2021-09-11 07:57:02.976000,4,2021-06-08 10:29:08.434000,
True,True,60ba38cb82145624b8a06481,https://www.europe1.fr/rss/journal.xml,rss,fr,14465,2021-09-13 09:36:34.079000,5,2021-08-23 18:22:36.527000,
True,True,60ba38cb82145624b8a0649d,https://observers.france24.com/fr/rss,rss,fr,14460,2021-09-13 09:36:47.148000,5,2021-07-22 16:28:16.523000,
True,False,60ba38cb82145624b8a064c1,https://www.lefigaro.fr/rss/figaro_flash-actu.xml,rss,fr,14166,2021-09-11 08:11:28.185000,5,2021-07-22 16:30:05.382000,
True,False,60ba38cb82145624b8a064d7,https://www.lemonde.fr/actualite-medias/rss_full.xml,rss,fr,14166,2021-09-11 07:57:02.575000,5,2021-06-08 10:38:42.704000,
True,False,60ba38cb82145624b8a064dc,https://www.lemonde.fr/technologies/rss_full.xml,rss,fr,14166,2021-09-11 07:57:02.905000,5,2021-06-19 14:10:52.520000,
True,False,60ba38cb82145624b8a064f7,https://www.liberation.fr/arc/outboundfeeds/rss/?outputType=xml,rss,fr,14166,2021-09-11 07:57:09.840000,5,2021-07-22 16:31:01.430000,
True,False,60ba38cb82145624b8a064f8,https://www.liberation.fr/arc/outboundfeeds/rss/category/international/?outputType=xml,rss,fr,14166,2021-09-11 07:57:10.114000,5,2021-07-22 16:31:11.450000,
True,False,60ba38cb82145624b8a064bb,https://www.lavoixdunord.fr/destinations/2/cible_principale/rss,rss,fr,14165,2021-09-11 07:56:59.607000,5,2021-07-22 16:29:25.109000,
True,False,60ba38cb82145624b8a064c2,https://www.lefigaro.fr/rss/figaro_lefigaromagazine.xml,rss,fr,14165,2021-09-11 07:57:00.415000,5,2021-07-22 16:30:15.396000,
True,False,60ba38cb82145624b8a064c3,https://plus.lefigaro.fr/tag/senegal/rss.xml,rss,fr,14165,2021-09-11 07:57:00.507000,5,2021-08-20 00:24:12.675000,
True,False,60ba38cb82145624b8a064cb,https://www.lemonde.fr/ameriques/rss_full.xml,rss,fr,14165,2021-09-11 07:57:01.633000,5,2021-08-24 13:47:25.526000,
True,False,60ba38cb82145624b8a064d1,https://www.lemonde.fr/international/rss_full.xml,rss,fr,14165,2021-09-11 07:57:02.136000,5,2021-08-24 13:57:32.524000,
True,False,60ba38cb82145624b8a064d2,https://www.lemonde.fr/rss/une.xml,rss,fr,14165,2021-09-11 07:57:02.198000,5,2021-06-08 10:49:02.221000,
True,False,60ba38cb82145624b8a06509,https://www.rfi.fr/fr/europe/rss,rss,fr,14165,2021-09-11 07:57:18.500000,5,2021-08-30 21:33:09.519000,
True,False,60ba38cb82145624b8a06512,https://www.sudouest.fr/faits-divers/rss.xml,rss,fr,14165,2021-09-11 07:57:19.115000,5,2021-09-09 13:00:23.518000,
True,False,60ba38cb82145624b8a064a7,http://www.lessentiel.lu/rss/front.tmpl,rss,fr,14164,2021-09-11 07:56:56.022000,5,2021-08-30 11:30:41.527000,
True,True,60ba38cb82145624b8a0647f,https://www.europe1.fr/rss/faits-divers.xml,rss,fr,14466,2021-09-13 09:36:33.816000,6,2021-08-22 17:57:51.518000,
True,False,60ba38cb82145624b8a064db,https://www.lemonde.fr/societe/rss_full.xml,rss,fr,14165,2021-09-11 07:57:02.841000,6,2021-06-19 14:10:41.526000,
True,False,60ba38cb82145624b8a064f6,https://www.liberation.fr/arc/outboundfeeds/rss/category/checknews/?outputType=xml,rss,fr,14165,2021-09-11 07:57:09.614000,6,2021-07-22 16:30:51.407000,
True,False,60ba38cb82145624b8a064f9,https://www.liberation.fr/arc/outboundfeeds/rss/category/portraits/?outputType=xml,rss,fr,14165,2021-09-11 07:57:12.546000,6,2021-07-22 16:31:21.474000,
True,False,60ba38cb82145624b8a064b9,https://www.lavoixdunord.fr/destinations/112/cible_principale/rss,rss,fr,14164,2021-09-11 07:56:59.492000,6,2021-07-22 16:28:54.966000,
True,False,60ba38cb82145624b8a064bd,https://www.lefigaro.fr/rss/figaro_actualites-a-la-une.xml,rss,fr,14164,2021-09-11 07:56:59.728000,6,2021-07-22 16:29:35.228000,
True,False,60ba38cb82145624b8a064bf,https://www.lefigaro.fr/rss/figaro_conjoncture.xml,rss,fr,14164,2021-09-11 07:56:59.984000,6,2021-09-06 13:05:50.517000,
True,False,60ba38cb82145624b8a064c4,https://www.lefigaro.fr/rss/figaro_actualite-france.xml,rss,fr,14164,2021-09-11 07:57:00.621000,6,2021-07-22 16:30:25.516000,
True,False,60ba38cb82145624b8a064c8,https://www.lemonde.fr/etats-unis/rss_full.xml,rss,fr,14164,2021-09-11 07:57:01.429000,6,2021-08-24 14:17:13.527000,
True,False,60ba38cb82145624b8a064c9,https://www.lemonde.fr/m-actu/rss_full.xml,rss,fr,14164,2021-09-11 07:57:01.490000,6,2021-06-08 10:49:01.864000,
True,False,60ba38cb82145624b8a064cf,https://www.lemonde.fr/europe/rss_full.xml,rss,fr,14164,2021-09-11 07:57:02.017000,6,2021-08-24 13:47:47.517000,
True,False,60ba38cb82145624b8a064d4,https://www.lemonde.fr/rss/plus-lus.xml,rss,fr,14164,2021-09-11 07:57:02.352000,6,2021-06-10 21:21:15.522000,
True,False,60ba38cb82145624b8a064d5,https://www.lemonde.fr/rss/plus-partages.xml,rss,fr,14164,2021-09-11 07:57:02.432000,6,2021-08-24 14:07:39.523000,
True,False,60ba38cb82145624b8a064d6,https://www.lemonde.fr/livres/rss_full.xml,rss,fr,14164,2021-09-11 07:57:02.508000,6,2021-08-24 14:17:52.522000,
True,False,60ba38cb82145624b8a06516,https://www.telerama.fr/rss/une.xml,rss,fr,14164,2021-09-11 07:57:19.527000,6,2021-06-08 10:49:17.026000,
True,True,60ba38cb82145624b8a06485,https://www.francetvinfo.fr/monde/ameriques.rss,rss,fr,14462,2021-09-13 09:36:34.465000,7,2021-07-22 16:35:30.975000,
True,True,60ba38cb82145624b8a06487,https://blog.francetvinfo.fr/bureau-rome/feed,rss,fr,14462,2021-09-13 09:36:39.460000,7,2021-07-22 16:35:51.012000,
True,True,60ba38cb82145624b8a06489,https://www.francetvinfo.fr/monde/europe.rss,rss,fr,14459,2021-09-13 09:36:40.375000,7,2021-07-22 16:36:11.051000,
True,True,60ba38cb82145624b8a0648a,https://www.francetvinfo.fr/faits-divers.rss,rss,fr,14459,2021-09-13 09:36:40.494000,7,2021-07-22 16:36:21.527000,
True,True,60ba38cb82145624b8a0648b,https://www.francetvinfo.fr/france.rss,rss,fr,14459,2021-09-13 09:36:40.607000,7,2021-07-22 16:36:25.065000,
True,True,60ba38cb82145624b8a0648c,https://www.francetvinfo.fr/monde.rss,rss,fr,14459,2021-09-13 09:36:40.720000,7,2021-07-22 16:36:35.517000,
True,True,60ba38cb82145624b8a06490,https://www.francetvinfo.fr/societe.rss,rss,fr,14458,2021-09-13 09:36:46.276000,7,2021-07-22 16:37:15.613000,
True,True,60ba38cb82145624b8a06493,https://www.franceinter.fr/rss/a-la-une.xml,rss,fr,14458,2021-09-13 09:36:46.598000,7,2021-08-16 13:57:00.328000,
True,True,60ba38cb82145624b8a06497,https://www.france24.com/fr/rss,rss,fr,14458,2021-09-13 09:36:46.794000,7,2021-09-05 10:49:42.962000,
True,False,60ba38cb82145624b8a064f3,https://feeds.leparisien.fr/leparisien/rss/international,rss,fr,14164,2021-09-11 07:57:06.410000,7,2021-09-09 11:30:20.522000,
True,False,60ba38cb82145624b8a06521,https://fr.news.yahoo.com/rss/france,rss,fr,14164,2021-09-11 07:57:20.981000,7,2021-08-13 11:46:27.562000,
True,False,60ba38cb82145624b8a064be,https://www.lefigaro.fr/rss/figaro_assurance.xml,rss,fr,14163,2021-09-11 07:56:59.850000,7,2021-09-06 13:05:39.524000,
True,False,60ba38cb82145624b8a064c7,https://www.lemessager.fr/destinations/606134/cible_principale/rss,rss,fr,14163,2021-09-11 07:57:01.359000,7,2021-09-02 22:58:01.526000,
True,False,60ba38cb82145624b8a064ca,https://www.lemonde.fr/afrique/rss_full.xml,rss,fr,14163,2021-09-11 07:57:01.561000,7,2021-08-24 13:47:14.527000,
True,False,60ba38cb82145624b8a064d0,https://www.lemonde.fr/idees/rss_full.xml,rss,fr,14163,2021-09-11 07:57:02.082000,7,2021-08-24 14:17:41.519000,
True,False,60ba38cb82145624b8a064d3,https://www.lemonde.fr/les-decodeurs/rss_full.xml,rss,fr,14163,2021-09-11 07:57:02.255000,7,2021-08-24 13:47:58.529000,
True,True,60ba38cb82145624b8a06488,https://www.francetvinfo.fr/images/slideshows.rss,rss,fr,14458,2021-09-13 09:36:40.300000,8,2021-09-10 21:24:38.574000,
True,True,60ba38cb82145624b8a0648d,https://www.francetvinfo.fr/monde/proche-orient.rss,rss,fr,14458,2021-09-13 09:36:40.806000,8,2021-07-22 16:36:45.538000,
True,True,60ba38cb82145624b8a06491,https://www.francetvinfo.fr/titres.rss,rss,fr,14457,2021-09-13 09:36:46.420000,8,2021-09-10 21:24:39.004000,
True,True,60ba38cb82145624b8a064a1,https://frenchmorning.com/feed/,rss,fr,14457,2021-09-13 09:36:47.719000,8,2021-09-06 17:06:04.525000,
True,False,60ba38cb82145624b8a064f2,https://feeds.leparisien.fr/leparisien/rss/faits-divers,rss,fr,14163,2021-09-11 07:57:06.244000,8,2021-09-08 21:16:46.064000,
True,False,60ba38cb82145624b8a064cc,https://www.lemonde.fr/asie-pacifique/rss_full.xml,rss,fr,14162,2021-09-11 07:57:01.710000,8,2021-08-24 14:07:11.518000,
True,True,60ba38cb82145624b8a06484,https://www.francetvinfo.fr/monde/afrique.rss,rss,fr,14460,2021-09-13 09:36:34.393000,9,2021-09-10 21:24:38.411000,
True,True,60ba38cb82145624b8a06486,https://www.francetvinfo.fr/monde//asie.rss,rss,fr,14460,2021-09-13 09:36:39.016000,9,2021-08-31 11:15:37.526000,
True,True,60ba38cb82145624b8a0648e,https://www.francetvinfo.fr/replay-radio.rss,rss,fr,14456,2021-09-13 09:36:41.557000,9,2021-09-10 21:34:55.518000,
True,True,60ba38cb82145624b8a0648f,https://www.francetvinfo.fr/monde/afrique/senegal.rss,rss,fr,14456,2021-09-13 09:36:46.201000,9,2021-08-21 15:22:16.521000,
True,True,60ba38cb82145624b8a06492,https://www.francetvinfo.fr/vrai-ou-fake.rss,rss,fr,14456,2021-09-13 09:36:46.517000,9,2021-09-12 11:07:06.528000,
True,True,60ba38cb82145624b8a064b3,https://www.ladepeche.fr/faits-divers/rss.xml,rss,fr,14455,2021-09-13 09:36:50.712000,9,2021-09-02 14:36:31.528000,
True,False,60ba38cb82145624b8a064fe,https://www.midilibre.fr/rss.xml,rss,fr,14162,2021-09-11 07:57:13.835000,9,2021-08-31 18:37:35.527000,
True,False,60ba38cb82145624b8a064ce,https://www.lemonde.fr/rss/en_continu.xml,rss,fr,14161,2021-09-11 07:57:01.932000,9,2021-08-24 14:17:30.519000,
True,True,60ba38cb82145624b8a064b5,https://www.ladepeche.fr/actu/international/rss.xml,rss,fr,14454,2021-09-13 09:36:50.916000,10,2021-08-28 17:32:01.525000,
True,False,60ba38cb82145624b8a064ba,https://www.lavoixdunord.fr/destinations/44/cible_principale/rss,rss,fr,14160,2021-09-11 07:56:59.580000,10,2021-08-31 15:16:12.525000,
True,False,60ba38cb82145624b8a064cd,https://www.lemonde.fr/droit-social/rss_full.xml,rss,fr,14160,2021-09-11 07:57:01.791000,10,2021-08-24 14:07:22.522000,
True,False,60ba38cb82145624b8a0650d,https://feeds.audiomeans.fr/feed/de5ba943-e720-4988-a518-40404f231ff3.xml,rss,fr,14160,2021-09-11 07:57:18.715000,10,2021-08-11 12:36:53.524000,
True,False,60ba38cb82145624b8a06501,https://pro.orange.fr/actualites/tchad/rss.xml,rss,fr,14158,2021-09-11 07:57:15.445000,13,2021-07-27 21:00:38.528000,
True,True,60ba38cb82145624b8a064b0,https://www.humanite.fr/rss/actu.rss,rss,fr,14450,2021-09-13 09:36:50.109000,14,2021-08-26 13:01:22.250000,
True,True,60ba38cb82145624b8a064b2,https://www.ladepeche.fr/rss.xml,rss,fr,14450,2021-09-13 09:36:50.618000,14,2021-09-08 17:06:29.520000,
True,True,60ba38cb82145624b8a064b4,https://www.ladepeche.fr/grand-sud/rss.xml,rss,fr,14450,2021-09-13 09:36:50.814000,14,2021-09-10 14:35:26.528000,
True,True,60ba38cb82145624b8a06495,https://www.francesoir.fr/rss-societe.xml,rss,fr,14450,2021-09-13 09:36:46.722000,15,2021-09-07 07:09:20.522000,
True,True,60ba38cb82145624b8a064b1,https://www.lindependant.fr/rss.xml,rss,fr,14449,2021-09-13 09:36:50.382000,15,2021-09-02 14:36:09.519000,
True,False,60ba38cb82145624b8a064df,https://www.petitbleu.fr/rss.xml,rss,fr,14156,2021-09-11 07:57:03.471000,15,2021-08-31 18:37:18.523000,
True,False,60ba38cb82145624b8a06500,https://pro.orange.fr/actualites/france/rss.xml,rss,fr,14156,2021-09-11 07:57:14.872000,15,2021-07-27 21:00:27.522000,
True,True,60ba38cb82145624b8a06494,https://www.francesoir.fr/rss.xml,rss,fr,14449,2021-09-13 09:36:46.659000,16,2021-09-13 09:06:40.528000,
True,False,60ba38cb82145624b8a06507,https://rsf.org/fr/country/rss.xml?country=44,rss,fr,14154,2021-09-11 07:57:18.339000,16,2021-08-31 08:05:37.545000,
True,False,60ba38cb82145624b8a064a6,https://www.lalsace.fr/actualite/la-matinale/rss,rss,fr,14146,2021-09-11 07:56:55.805000,23,2021-08-31 18:56:46.882000,
True,False,60ba38cb82145624b8a064ea,https://www.leprogres.fr/france-monde/rss,rss,fr,14147,2021-09-11 07:57:04.810000,24,2021-09-08 05:53:36.853000,
True,False,60ba38cb82145624b8a064ec,https://www.republicain-lorrain.fr/rss,rss,fr,14145,2021-09-11 07:57:05.459000,26,2021-09-08 05:53:40.341000,
True,False,60ba38cb82145624b8a06504,https://cdn1-parismatch.lanmedia.fr/var/exports/rss/rss-photos.xml,rss,fr,14145,2021-09-11 07:57:16.373000,26,2021-09-01 15:11:07.371000,
True,False,60ba38cb82145624b8a064eb,https://www.leprogres.fr/rss,rss,fr,14144,2021-09-11 07:57:05.128000,27,2021-08-31 22:17:26.387000,
True,False,60ba38cb82145624b8a0646f,https://fr.allafrica.com/tools/headlines/rdf/latest/headlines.rdf,rss,fr,14143,2021-09-11 07:56:41.010000,27,2021-09-04 18:06:25.519000,
True,False,60ba38cb82145624b8a064a5,https://www.lalsace.fr/france-monde/rss,rss,fr,14142,2021-09-11 07:56:55.508000,27,2021-09-08 05:53:20.854000,
True,False,60ba38cb82145624b8a06472,https://rss.atlantico.fr/,rss,fr,14142,2021-09-11 07:56:41.891000,28,2021-08-03 16:03:23.565000,
True,False,60ba38cb82145624b8a064a8,https://www.estrepublicain.fr/edition-belfort-hericourt-montbeliard/rss,rss,fr,14141,2021-09-11 07:56:56.420000,28,2021-09-08 05:53:24.661000,
True,True,613c63f776b90a81c5f427fc,https://www.francetvinfo.fr/monde/asie.rss,rss,fr,297,2021-09-13 09:31:32.450000,1,2021-09-11 13:02:36.519000,
True,True,613c657876b90a81c5f428f5,https://www.futura-sciences.com/rss/espace/curiosity.xml,rss,fr,295,2021-09-13 09:37:12.094000,1,2021-09-11 18:49:03.528000,
True,True,613c659476b90a81c5f42907,https://www.futura-sciences.com/rss/sante-guide.xml,rss,fr,295,2021-09-13 09:37:16.214000,1,2021-09-13 03:25:51.528000,
True,False,5fae9ebe2573bc71bec43b4e,http://feeds.feedburner.com/Mashable,rss,en,50153,2021-09-11 07:51:24.157000,184,2021-08-25 09:49:54.529000,
True,True,5fae9ebe2573bc71bec43b55,http://rss.sciam.com/ScientificAmerican-News,rss,en,49404,2021-09-13 09:36:32.285000,184,2021-08-25 09:50:05.517000,
True,False,60ba38cb82145624b8a0646e,https://fr.allafrica.com/tools/headlines/rdf/senegal/headlines.rdf,rss,fr,14116,2021-09-11 07:56:40.617000,54,2021-09-06 00:22:37.522000,
True,True,60ba38cb82145624b8a064a3,https://guitinews.fr/feed/,rss,fr,14404,2021-09-13 09:36:49.133000,59,2021-08-31 01:53:16.528000,
True,False,60ba38cb82145624b8a06513,https://www.sudouest.fr/culture/francofolies/rss.xml,rss,fr,14105,2021-09-11 07:57:19.219000,65,2021-09-10 19:24:57.524000,
True,False,5fb439dbab0a3a91a22e5e8b,https://www.computerworld.com/uk/index.rss,rss,en,28987,2021-09-11 07:56:36.123000,142,2021-06-08 10:38:19.253000,
True,False,60ba38cb82145624b8a06520,https://voxeurop.eu/fr/feed/,rss,fr,14101,2021-09-11 07:57:20.599000,70,2021-09-08 17:36:25.523000,
True,False,5fae9f08ab0a3a91a21b6935,https://www.huffpost.com/section/front-page/feed,rss,en,29021,2021-09-11 07:56:35.361000,146,2021-01-25 00:45:48.701000,
True,False,5fae9f09ab0a3a91a21b69a4,https://www.mckinsey.com/insights/rss,rss,en,28995,2021-09-11 07:56:36.007000,146,2021-08-16 00:24:03.519000,
True,False,5fae9ef6ab0a3a91a21b6071,https://news.google.com/rss/search?q=when:24h allinurl:nfl.com&ceid=US:en&hl=en-US&gl=US,rss,en,29125,2021-09-11 07:56:34.165000,147,2021-08-19 02:29:18.520000,
True,False,5fae9ebe2573bc71bec43b58,https://www.judgehype.com/nouvelles.xml,rss,fr,36035,2021-09-11 07:51:34.747000,182,2021-07-24 23:10:54.259000,
True,False,5fae9ef7ab0a3a91a21b6142,https://news.google.com/rss/search?q=when:24h allinurl:reuters.com&ceid=US:en&hl=en-US&gl=US,rss,en,29093,2021-09-11 07:56:34.950000,147,2021-04-15 17:56:13.584000,
True,False,5fae9ef5ab0a3a91a21b6049,https://news.google.com/rss/search?q=when:24h allinurl:nba.com&ceid=US:en&hl=en-US&gl=US,rss,en,29140,2021-09-11 07:56:33.857000,148,2021-08-27 18:47:05.254000,
True,False,5fae9ef7ab0a3a91a21b61af,https://news.google.com/rss/search?q=when:24h allinurl:washingtonexaminer.com&ceid=US:en&hl=en-US&gl=US,rss,en,29067,2021-09-11 07:56:35.292000,148,2021-07-09 06:36:49.066000,
True,False,5fae9ef5ab0a3a91a21b6008,https://news.google.com/rss/search?q=when:24h allinurl:entrepreneur.com&ceid=US:en&hl=en-US&gl=US,rss,en,29156,2021-09-11 07:56:33.434000,149,2021-04-23 20:45:14.513000,
True,False,5fae9ebe2573bc71bec43b57,http://feeds.latimes.com/latimes/news/science,rss,en,36359,2021-09-11 07:51:34.569000,191,2021-07-24 23:10:44.232000,
True,False,5fae9ebe2573bc71bec43bbd,https://www.salon.com/feed/,rss,en,29540,2021-09-11 07:51:57.729000,157,2021-08-25 06:09:37.517000,
True,False,5fae9ebe2573bc71bec43bc1,https://www.thenonprofittimes.com/feed/,rss,en,29513,2021-09-11 07:51:58.166000,157,2021-08-10 17:18:03.522000,
True,False,5fae9f08ab0a3a91a21b68ea,https://www.huffpost.com/section/business/feed,rss,en,29035,2021-09-11 07:56:35.339000,156,2021-08-26 05:39:13.628000,
True,False,60ba38cb82145624b8a06479,https://www.equinoxmagazine.fr/feed/,rss,fr,14093,2021-09-11 07:56:46.806000,77,2021-09-07 09:09:07.528000,
True,False,5fae9ebe2573bc71bec43bbf,https://www.technologyreview.com/feed/,rss,en,29520,2021-09-11 07:51:57.909000,162,2021-06-22 10:13:48.604000,
True,False,5fae9ebe2573bc71bec43bc0,https://www.thenation.com/feed/?post_type=article,rss,en,29511,2021-09-11 07:51:58.020000,164,2021-06-28 22:05:47.522000,
True,False,5fae9ebe2573bc71bec43bb7,https://www.pcworld.com/index.rss,rss,en,29600,2021-09-11 07:51:56.473000,166,2021-08-25 09:56:19.518000,
True,False,5fae9ebe2573bc71bec43b6f,http://feeds.arstechnica.com/arstechnica/gaming/,rss,en,31723,2021-09-11 07:51:46.536000,178,2021-05-17 16:35:01.521000,
True,False,5fae9ebe2573bc71bec43b65,https://feeds.feedburner.com/shinyshiny/IbAC,rss,en,31920,2021-09-11 07:51:46.378000,180,2021-01-25 00:50:12.703000,
True,False,5fae9ebe2573bc71bec43b63,https://feeds.feedburner.com/TechDigest,rss,en,31934,2021-09-11 07:51:46.206000,181,2021-06-30 09:48:29.519000,
True,False,5fae9ebe2573bc71bec43b72,http://feeds.feedburner.com/AtlanticBusinessChannel,rss,en,31099,2021-09-11 07:51:46.649000,177,2021-01-25 00:53:52.703000,
True,False,5fae9ebe2573bc71bec43b7f,http://feeds.mashable.com/Mashable,rss,en,30917,2021-09-11 07:51:47.400000,176,2021-07-24 23:11:14.314000,
True,False,5fae9ebe2573bc71bec43b77,http://feeds.feedburner.com/oreilly/radar/atom,rss,en,31051,2021-09-11 07:51:46.872000,177,2021-01-25 00:54:47.702000,
True,False,5fae9ebe2573bc71bec43b7e,http://feeds.marketwatch.com/marketwatch/topstories/,rss,en,30950,2021-09-11 07:51:47.339000,177,2021-03-25 21:31:20.799000,
True,False,5fae9ebe2573bc71bec43b75,http://feeds.feedburner.com/Techcrunch,rss,en,31064,2021-09-11 07:51:46.800000,178,2021-01-25 00:54:25.703000,
True,False,5fae9ebe2573bc71bec43b76,http://feeds.feedburner.com/TheBigPicture,rss,en,31057,2021-09-11 07:51:46.822000,178,2021-01-25 00:54:36.703000,
True,False,5fae9ebe2573bc71bec43b78,http://feeds.feedburner.com/readwriteweb,rss,en,31041,2021-09-11 07:51:46.901000,178,2021-01-25 00:54:58.703000,
True,False,5fae9ebe2573bc71bec43bae,https://www.howtogeek.com/feed/,rss,en,29633,2021-09-11 07:51:55.744000,170,2021-08-25 09:55:35.518000,
True,False,5fae9ebe2573bc71bec43b7b,http://feeds.foxnews.com/foxnews/politics,rss,en,31004,2021-09-11 07:51:47.024000,178,2021-05-20 14:35:40.518000,
True,False,5fae9ebe2573bc71bec43b7c,http://feeds.foxnews.com/foxnews/scitech,rss,en,31001,2021-09-11 07:51:47.060000,178,2021-05-20 14:35:51.520000,
True,True,5fae9ebe2573bc71bec43b5d,https://www.lefigaro.fr/rss/figaro_actualites.xml,rss,fr,32736,2021-09-13 09:36:32.430000,188,2021-07-28 13:28:29.518000,
True,False,5fae9ebe2573bc71bec43b73,http://feeds.feedburner.com/CalculatedRisk,rss,en,31086,2021-09-11 07:51:46.673000,179,2021-01-25 00:54:03.703000,
True,False,5fae9ebe2573bc71bec43b81,http://feeds2.feedburner.com/businessinsider,rss,en,30825,2021-09-11 07:51:47.951000,178,2021-08-09 17:52:41.215000,
True,False,5fae9ebe2573bc71bec43bc6,https://www.vox.com/rss/recode/index.xml,rss,en,29259,2021-09-11 07:56:28.571000,169,2021-09-02 15:05:42.522000,
True,False,5fae9ebe2573bc71bec43b7a,http://feeds.feedburner.com/venturebeat/SZYF,rss,en,31015,2021-09-11 07:51:46.977000,180,2021-05-06 16:48:19.263000,
True,False,5fae9ebe2573bc71bec43bc5,https://www.vox.com/rss/index.xml,rss,en,29262,2021-09-11 07:56:27.025000,170,2021-07-21 08:38:00.528000,
True,False,5fae9ebe2573bc71bec43b7d,http://feeds.harvardbusiness.org/harvardbusiness/,rss,en,30961,2021-09-11 07:51:47.283000,180,2021-05-11 00:02:10.848000,
True,False,5fae9ebe2573bc71bec43bba,https://www.realwire.com/rss/recent.asp,rss,en,29581,2021-09-11 07:51:56.767000,172,2021-08-25 09:56:52.519000,
True,False,5fae9ebe2573bc71bec43b70,http://feeds.bbci.co.uk/news/world/rss.xml,rss,en,31373,2021-09-11 07:51:46.557000,184,2021-01-25 00:53:30.703000,
True,False,5fae9ebe2573bc71bec43bb3,https://www.newyorker.com/feed/everything,rss,en,29617,2021-09-11 07:51:56.126000,174,2021-08-25 09:55:46.518000,
True,False,5fae9ebe2573bc71bec43ba2,https://venturebeat.com/feed/,rss,en,29765,2021-09-11 07:51:51.529000,175,2021-08-31 14:00:35.520000,
True,False,5fae9ebe2573bc71bec43ba3,https://westhesportsguy.com/feed/,rss,en,29753,2021-09-11 07:51:51.711000,175,2021-09-05 09:13:56.428000,
True,False,5fae9ebe2573bc71bec43ba4,https://www.cbssports.com/rss/headlines/,rss,en,29743,2021-09-11 07:51:51.844000,175,2021-08-25 09:53:56.518000,
True,False,5fae9ebe2573bc71bec43b8f,https://gizmodo.com/rss,rss,en,30020,2021-09-11 07:46:25.197000,177,2021-08-25 09:51:33.518000,
True,False,5fae9ebe2573bc71bec43b8b,https://api.foxsports.com/v1/rss?partnerKey=zBaFxRyGKCfxBagJG9b8pqLyndmvo7UU,rss,en,30104,2021-09-11 07:46:24.386000,178,2021-09-09 06:38:36.528000,
True,False,5fae9ebe2573bc71bec43b8c,https://feeds.a.dj.com/rss/RSSWorldNews.xml,rss,en,30098,2021-09-11 07:46:24.456000,178,2021-08-25 09:51:00.518000,
True,False,5fae9ebe2573bc71bec43b9f,https://slate.com/feeds/all.rss,rss,en,29905,2021-09-11 07:46:27.274000,177,2021-08-25 09:53:01.518000,
True,False,5fae9ebe2573bc71bec43ba7,https://www.dailymail.co.uk/articles.rss,rss,en,29717,2021-09-11 07:51:52.358000,176,2021-08-31 11:30:11.534000,
True,False,5fae9ebe2573bc71bec43b93,https://lifehacker.com/rss,rss,en,30002,2021-09-11 07:46:25.537000,178,2021-08-25 09:52:06.518000,
True,False,5fae9ebe2573bc71bec43b8a,https://abcnews.go.com/abcnews/topstories,rss,en,30111,2021-09-11 07:46:24.269000,179,2021-08-25 09:50:38.518000,
True,False,5fae9ebe2573bc71bec43b71,http://feeds.bbci.co.uk/sport/rss.xml?edition=int,rss,en,31096,2021-09-11 07:51:46.626000,185,2021-06-11 12:48:24.032000,
True,False,5fae9ebe2573bc71bec43ba0,https://talksport.com/feed/,rss,en,29893,2021-09-11 07:46:27.773000,178,2021-08-25 09:53:12.519000,
True,False,5fae9ebe2573bc71bec43b92,https://kotaku.com/rss,rss,en,30005,2021-09-11 07:46:25.509000,179,2021-08-25 09:51:55.518000,
True,False,5fae9ebe2573bc71bec43b84,http://rss.cnn.com/rss/cnn_topstories.rss,rss,en,30749,2021-09-11 07:51:48.284000,184,2021-07-24 23:11:54.408000,
True,False,5fae9ebe2573bc71bec43b5c,https://rss.nytimes.com/services/xml/rss/nyt/Science.xml,rss,en,32318,2021-09-11 07:51:45.862000,194,2021-07-28 13:28:18.521000,
True,False,5fae9ebe2573bc71bec43b85,http://rss.cnn.com/rss/cnn_world.rss,rss,en,30732,2021-09-11 07:51:48.385000,185,2021-08-19 19:32:14.234000,
True,False,5fae9ebe2573bc71bec43bab,https://www.espn.com/espn/rss/news,rss,en,29654,2021-09-11 07:51:55.129000,179,2021-09-08 01:57:15.518000,
True,False,5fae9ebe2573bc71bec43b9b,https://nypost.com/feed/,rss,en,29961,2021-09-11 07:46:26.573000,181,2021-08-25 09:52:39.518000,
True,False,5fae9ebe2573bc71bec43b83,http://rss.cnn.com/rss/cnn_allpolitics.rss,rss,en,30774,2021-09-11 07:51:48.085000,187,2021-08-19 20:27:37.885000,
True,False,5fae9ebe2573bc71bec43b90,https://homebusinessmag.com/feed/,rss,en,30001,2021-09-11 07:46:25.463000,184,2021-08-25 09:51:44.517000,
True,False,60ba38cb82145624b8a06515,https://www.swissinfo.ch/service/fre/rssxml/top-news/rss,rss,fr,14081,2021-09-11 07:57:19.414000,89,2021-08-30 21:33:21.519000,
True,False,5fae9ebe2573bc71bec43bc9,https://www.yahoo.com/news/rss/topstories,rss,en,29201,2021-09-11 07:56:29.359000,185,2021-09-06 21:36:52.526000,
True,False,5fae9ebe2573bc71bec43bb8,https://www.polygon.com/rss/index.xml,rss,en,29573,2021-09-11 07:51:56.508000,189,2021-08-25 09:56:30.518000,
True,False,5fae9ebe2573bc71bec43bb5,https://www.operationsports.com/feed/,rss,en,29583,2021-09-11 07:51:56.362000,191,2021-08-25 09:56:08.518000,
True,False,60ba38cb82145624b8a06473,https://atlasinfo.fr/feed,rss,fr,14079,2021-09-11 07:56:43.248000,91,2021-08-30 02:18:31.528000,
True,False,5fae9ebe2573bc71bec43ba8,https://www.dailysignal.com//feed/,rss,en,29695,2021-09-11 07:51:52.441000,195,2021-09-03 02:52:49.526000,
True,False,5fae9ebe2573bc71bec43bbb,https://www.reddit.com/r/gamers/.rss,rss,en,29528,2021-09-11 07:51:57.335000,195,2021-09-06 07:59:06.170000,
True,False,5fae9ebe2573bc71bec43b5e,https://londonist.com/feed,rss,en,32054,2021-09-11 07:51:46.166000,216,2021-09-04 03:37:50.519000,
True,False,5fae9eedab0a3a91a21b5de9,https://feeds.nbcnews.com/msnbc/public/news,rss,en,29151,2021-09-11 07:56:29.467000,200,2021-08-31 21:36:58.533000,
True,False,5fae9ebe2573bc71bec43b8d,https://fortune.com/feed/,rss,en,30037,2021-09-11 07:46:24.593000,207,2021-08-27 06:19:25.527000,
True,False,5fae9ebe2573bc71bec43b86,http://rssfeeds.usatoday.com/TP-OnPolitics,rss,en,30637,2021-09-11 07:51:48.663000,215,2021-09-08 22:46:40.522000,
True,False,5fae9ebe2573bc71bec43ba1,https://toucharcade.com/feed/,rss,en,29745,2021-09-11 07:51:51.450000,212,2021-09-08 18:00:29.521000,
True,True,60ba38cb82145624b8a064a2,https://fr.globalvoices.org/feed/,rss,fr,14360,2021-09-13 09:31:32.220000,103,2021-08-16 09:16:17.932000,
True,False,5fae9ebe2573bc71bec43bc8,https://www.yahoo.com/news/rss/sports,rss,en,29193,2021-09-11 07:56:29.016000,212,2021-09-06 21:36:41.525000,
True,False,5fae9ebe2573bc71bec43b8e,https://freakonomics.com/feed/,rss,en,29978,2021-09-11 07:46:25.143000,222,2021-08-25 09:51:22.518000,
True,False,5fae9ebe2573bc71bec43bad,https://www.gamespot.com/feeds/mashup/,rss,en,29588,2021-09-11 07:51:55.635000,220,2021-08-26 18:31:55.517000,
True,False,60ba38cb82145624b8a06514,https://www.sudouest.fr/essentiel/rss.xml,rss,fr,14064,2021-09-11 07:57:19.366000,106,2021-09-09 19:41:46.537000,
True,False,5fae9ebe2573bc71bec43bc3,https://www.vg247.com/feed/,rss,en,25826,2021-08-18 11:36:13.785000,196,2021-08-18 10:55:58.896000,
False,True,5fae9ebe2573bc71bec43b9c,https://rss.nytimes.com/services/xml/rss/nyt/HomePage.xml,rss,en,22383,2021-07-20 17:54:26.525000,182,2021-07-20 18:04:29.406000,<unknown>:1256:4: mismatched tag
True,False,5fae9ebe2573bc71bec43b79,http://feeds.feedburner.com/time/topstories,rss,en,30941,2021-09-11 07:51:46.946000,266,2021-08-12 13:26:51.075000,
True,False,5fae9ebe2573bc71bec43ba5,https://www.cnet.com/rss/news/,rss,en,29651,2021-09-11 07:51:51.991000,256,2021-09-10 23:29:57.523000,
True,False,5fbfff40ab0a3a91a2565975,https://www.bloggerheads.com/feed/,rss,en,29082,2021-09-11 07:56:37.338000,268,2021-08-27 05:54:28.517000,
False,True,5fae9ebe2573bc71bec43b9d,https://rss.nytimes.com/services/xml/rss/nyt/Technology.xml,rss,en,18588,2021-06-24 08:48:34.036000,179,2021-06-24 08:58:31.388000,<unknown>:1256:4: mismatched tag
True,False,5fae9ebe2573bc71bec43bac,https://www.gameinformer.com/news.xml,rss,en,29528,2021-09-11 07:51:55.188000,297,2021-08-31 13:00:39.523000,
True,False,5fae9ebe2573bc71bec43bb4,https://www.nintendolife.com/feeds/latest,rss,en,29480,2021-09-11 07:51:56.278000,301,2021-08-25 09:55:57.518000,
True,False,5fae9ebe2573bc71bec43bb9,https://www.pushsquare.com/feeds/latest,rss,en,29454,2021-09-11 07:51:56.647000,304,2021-09-02 16:41:00.528000,
True,False,5fae9ebe2573bc71bec43b89,http://www.sbnonline.com/feed/,rss,en,29978,2021-09-11 07:46:24.222000,322,2021-09-09 07:08:10.519000,
True,False,60ba38cb82145624b8a06522,https://youmatter.world/fr/feed/,rss,fr,14019,2021-09-11 07:57:21.666000,152,2021-09-10 16:34:49.527000,
True,False,5fae9ebe2573bc71bec43bc2,https://www.triathlonmag.com.au/feed/,rss,en,29137,2021-09-11 07:56:26.693000,361,2021-09-07 18:00:36.238000,
True,False,5fae9ebe2573bc71bec43bc7,https://www.wired.com/feed,rss,en,28977,2021-09-11 07:56:28.740000,439,2021-06-08 10:38:15.022000,
True,False,60ba38cb82145624b8a06467,https://www.24matins.fr/feed,rss,fr,13915,2021-09-11 07:56:38.193000,254,2021-09-11 00:15:14.521000,
True,False,5fae9ebe2573bc71bec43bb6,https://www.pcgamesn.com/feed,rss,en,6749,2021-03-24 16:34:54.422000,162,2021-01-25 01:03:13.702000,
True,False,5fae9ebe2573bc71bec43bb1,https://www.macworld.com/index.rss,rss,en,6780,2021-03-24 16:34:53.390000,164,2021-01-25 01:02:29.702000,
True,False,5fae9ebe2573bc71bec43b87,http://www.economist.com/the-world-this-week/rss.xml,rss,en,7336,2021-03-24 16:34:34.160000,179,2021-01-25 00:56:37.702000,
True,False,5fae9ebe2573bc71bec43bbc,https://www.rockpapershotgun.com/feed/,rss,en,6676,2021-03-24 16:34:56.689000,164,2021-01-25 00:38:28.703000,
True,True,60ba38cb82145624b8a064a4,https://www.huffingtonpost.fr/feeds/index.xml,rss,fr,14103,2021-09-13 09:36:49.442000,360,2021-08-16 00:54:11.278000,
True,False,5fae9ef4ab0a3a91a21b5f4c,http://indiegamesplus.com/feed,rss,en,28516,2021-09-11 07:56:32.674000,812,2021-09-11 07:26:37.520000,
True,False,60ba38cb82145624b8a06505,https://www.radiohc.cu/fr/feed,rss,fr,13649,2021-09-11 07:57:18.089000,522,2021-09-09 18:11:36.517000,
True,True,613c65f076b90a81c5f42941,https://lejournal.cnrs.fr/rss,rss,fr,284,2021-09-13 09:32:00.060000,11,2021-09-12 19:09:06.805000,
True,False,5fae9ebe2573bc71bec43b80,http://feeds.washingtonpost.com/rss/world,rss,en,29662,2021-09-11 07:51:47.703000,1387,2021-07-24 23:11:24.340000,
True,False,5fae9ebe2573bc71bec43b94,https://mynintendonews.com/feed/,rss,en,28297,2021-09-11 07:46:25.732000,1875,2021-09-11 07:26:22.131000,
True,False,60ba38cb82145624b8a064fc,https://media-pi.fr/feed/,rss,fr,13203,2021-09-11 07:57:13.501000,968,2021-09-11 01:46:00.521000,
True,False,5fae9ebe2573bc71bec43ba9,https://www.engadget.com/rss-full.xml,rss,en,24339,2021-09-11 07:51:53.454000,5529,2021-09-09 20:25:58.617000,
True,False,5fae9ebe2573bc71bec43baa,https://www.engadget.com/rss.xml,rss,en,24322,2021-09-11 07:51:54.687000,5526,2021-09-09 20:25:59.897000,
True,False,60ba38cb82145624b8a064b7,https://www.lanouvellerepublique.fr/api/v1/rss/592bf255489a4555008b4568,rss,fr,10016,2021-09-11 07:56:58.663000,4154,2021-09-11 07:47:13.519000,
False,False,5fae9ebe2573bc71bec43b5b,http://feeds.newscientist.com/science-news/,rss,en,22171,2021-09-11 07:41:32.848000,12149,2021-09-11 07:51:45.516000,
False,False,5fae9ebe2573bc71bec43b9a,https://news.xbox.com/en-us/feed/,rss,en,19466,2021-06-29 23:15:40.099000,10705,2021-09-11 07:46:25.973000,"403, message='Forbidden', url=URL('https://news.xbox.com/en-us/feed/')"
False,True,5fae9ebe2573bc71bec43b9e,https://rss.politico.com/politics-news.xml,rss,en,19104,2021-09-13 08:26:18.487000,11549,2021-09-13 09:36:32.816000,"404, message='', url=URL('https://rss.politico.com/politics-news.xml')"
False,False,5fae9ebe2573bc71bec43bbe,https://www.sport1.de/news.rss,rss,en,18046,2021-06-23 08:38:13.517000,11646,2021-09-11 07:51:57.834000,"404, message='Not Found', url=URL('https://www.sport1.de/news.rss')"
False,False,5fae9ebe2573bc71bec43bc4,https://www.videogamer.com/rss/allupdates.xml,rss,en,15749,2021-06-09 01:01:41.511000,13685,2021-09-11 07:56:26.995000,"404, message='Not Found', url=URL('https://www.videogamer.com/rss/allupdates.xml')"
False,False,5fae9ebe2573bc71bec43b56,http://feeds.newscientist.com/today-on-ns,rss,en,16258,2021-09-11 06:06:03.151000,20388,2021-09-11 07:51:34.518000,
False,False,60ba38cb82145624b8a0650b,https://www.rtl.fr/sujet/europe.rss,rss,fr,1540,2021-06-15 08:43:41.317000,12630,2021-09-11 07:57:18.606000,"404, message='Not Found', url=URL('https://www.rtl.fr/sujet/europe.rss')"
False,False,60ba38cb82145624b8a0650e,https://www.rtl.fr/replay.rss,rss,fr,1539,2021-06-15 08:43:42.105000,12631,2021-09-11 07:57:18.782000,"404, message='Not Found', url=URL('https://www.rtl.fr/replay.rss')"
False,False,60ba38cb82145624b8a06510,https://www.rtl.fr/index.rss,rss,fr,1539,2021-06-15 08:43:42.346000,12631,2021-09-11 07:57:18.896000,"404, message='Not Found', url=URL('https://www.rtl.fr/index.rss')"
False,False,60ba38cb82145624b8a0650c,https://www.rtl.fr/sujet/justice.rss,rss,fr,1538,2021-06-15 08:33:49.819000,12632,2021-09-11 07:57:18.685000,"404, message='Not Found', url=URL('https://www.rtl.fr/sujet/justice.rss')"
False,False,60ba38cb82145624b8a0650f,https://www.rtl.fr/sujet/senegal.rss,rss,fr,1537,2021-06-15 08:33:50.977000,12633,2021-09-11 07:57:18.859000,"404, message='Not Found', url=URL('https://www.rtl.fr/sujet/senegal.rss')"
False,False,60ba38cb82145624b8a064bc,http://latelelibre.fr/feed/,rss,fr,,,14080,2021-09-10 16:54:24.557000,"403, message='Forbidden', url=URL('http://latelelibre.fr/feed/')"
False,False,60ba38cb82145624b8a0646c,https://www.aa.com.tr/fr/rss/default?cat=turquie,rss,fr,,,14168,2021-09-11 07:46:46.583000,[Errno 104] Connection reset by peer
False,False,60ba38cb82145624b8a0646a,https://www.aa.com.tr/fr/rss/default?cat=guncel,rss,fr,,,14169,2021-09-11 07:56:39.228000,[Errno 104] Connection reset by peer
False,False,60ba38cb82145624b8a0646b,https://www.aa.com.tr/fr/rss/default?cat=afrique,rss,fr,,,14169,2021-09-11 07:56:39.798000,[Errno 104] Connection reset by peer